"","user_id","uploaded_at","project_id","project_title","site_id","site_name","site_world_region_id","site_world_region_name","site_country_id","site_country","focus_group_id","respondent_id","respondent_head_of_household_gender_id","respondent_head_of_household_gender","focus_group_meeting_date_time","focus_group_community","focus_group_households","focus_group_households_average_members","coop_membership_id","coop_membership_name_free_entry","coop_membership_membership_count_male","coop_membership_membership_count_female"
"1",13,"2020-04-07 16:21:55",95,"Livestock Crp",157,"Chieng luong commune",3,"East Asia and Pacific",234,"Viet Nam",245,2008,2,"male","2019-10-05 20:30:45.000000","Chieng Luong (Male 1) Lu, Keo Lom, Buon Khoang, Lung Sang",600,4,1,"A member of farmer union",1,NA
"2",13,"2020-04-07 16:21:55",95,"Livestock Crp",157,"Chieng luong commune",3,"East Asia and Pacific",234,"Viet Nam",245,2009,2,"male","2019-10-05 20:30:45.000000","Chieng Luong (Male 1) Lu, Keo Lom, Buon Khoang, Lung Sang",600,4,2,"A member of farmer union",1,NA
"3",13,"2020-04-07 16:21:55",95,"Livestock Crp",157,"Chieng luong commune",3,"East Asia and Pacific",234,"Viet Nam",245,2013,2,"male","2019-10-05 20:30:45.000000","Chieng Luong (Male 1) Lu, Keo Lom, Buon Khoang, Lung Sang",600,4,3,"A member of Thanh Cong cooperative",1,NA
"4",13,"2020-04-07 16:21:55",95,"Livestock Crp",157,"Chieng luong commune",3,"East Asia and Pacific",234,"Viet Nam",246,2015,2,"male","2019-10-05 20:30:22.000000","Chieng Luong (Male 2) Mon 1, Y Luong, ",535,5,4,"A member of fruit tree copperative",1,NA
"5",13,"2020-04-07 16:21:55",95,"Livestock Crp",157,"Chieng luong commune",3,"East Asia and Pacific",234,"Viet Nam",246,2017,2,"male","2019-10-05 20:30:22.000000","Chieng Luong (Male 2) Mon 1, Y Luong, ",535,5,5,"A member of fruit tree cooperative",1,NA
"6",13,"2020-04-07 16:21:55",95,"Livestock Crp",157,"Chieng luong commune",3,"East Asia and Pacific",234,"Viet Nam",246,2024,2,"male","2019-10-05 20:30:22.000000","Chieng Luong (Male 2) Mon 1, Y Luong, ",535,5,6,"A member of Lai Son cooperative",1,NA
"7",13,"2020-04-07 16:21:55",95,"Livestock Crp",157,"Chieng luong commune",3,"East Asia and Pacific",234,"Viet Nam",246,2025,2,"male","2019-10-05 20:30:22.000000","Chieng Luong (Male 2) Mon 1, Y Luong, ",535,5,7,"A member of fruit tree cooperative",1,NA
"8",13,"2020-04-07 16:21:55",95,"Livestock Crp",158,"Chieng chung commune",3,"East Asia and Pacific",234,"Viet Nam",249,2027,2,"male","2019-10-06 09:00:49.000000","Chieng Chung (Female 2 N&P) Ten, Khoa, Ham",382,5,8,"A member of women union",NA,1
"9",13,"2020-04-07 16:21:55",95,"Livestock Crp",158,"Chieng chung commune",3,"East Asia and Pacific",234,"Viet Nam",249,2028,2,"male","2019-10-06 09:00:49.000000","Chieng Chung (Female 2 N&P) Ten, Khoa, Ham",382,5,9,"A member of women union",NA,1
"10",13,"2020-04-07 16:21:55",95,"Livestock Crp",158,"Chieng chung commune",3,"East Asia and Pacific",234,"Viet Nam",249,2029,2,"male","2019-10-06 09:00:49.000000","Chieng Chung (Female 2 N&P) Ten, Khoa, Ham",382,5,10,"A member of elder women union",NA,1
"11",13,"2020-04-07 16:21:55",95,"Livestock Crp",158,"Chieng chung commune",3,"East Asia and Pacific",234,"Viet Nam",249,2030,2,"male","2019-10-06 09:00:49.000000","Chieng Chung (Female 2 N&P) Ten, Khoa, Ham",382,5,11,"A member of women union",NA,1
"12",13,"2020-04-07 16:21:55",95,"Livestock Crp",158,"Chieng chung commune",3,"East Asia and Pacific",234,"Viet Nam",249,2031,2,"male","2019-10-06 09:00:49.000000","Chieng Chung (Female 2 N&P) Ten, Khoa, Ham",382,5,12,"A member of women union",NA,1
"13",13,"2020-04-07 16:21:55",95,"Livestock Crp",158,"Chieng chung commune",3,"East Asia and Pacific",234,"Viet Nam",249,2032,2,"male","2019-10-06 09:00:49.000000","Chieng Chung (Female 2 N&P) Ten, Khoa, Ham",382,5,13,"A member of women union",NA,1
"14",13,"2020-04-07 16:21:55",95,"Livestock Crp",158,"Chieng chung commune",3,"East Asia and Pacific",234,"Viet Nam",250,2034,2,"male","2019-10-06 08:30:32.000000","Chieng Chung (Male 2 D&H)Tam Xa, Nam, Ngoi",99,6,14,"A member of agriculture production cooperative",1,NA
"15",13,"2020-04-07 16:21:55",95,"Livestock Crp",158,"Chieng chung commune",3,"East Asia and Pacific",234,"Viet Nam",251,2039,2,"male","2019-10-06 08:30:08.000000","Khoa, Ham villages (Low altitude)",100,6,15,"Head of May village",1,NA
"16",13,"2020-04-07 16:21:55",95,"Livestock Crp",158,"Chieng chung commune",3,"East Asia and Pacific",234,"Viet Nam",251,2040,2,"male","2019-10-06 08:30:08.000000","Khoa, Ham villages (Low altitude)",100,6,16,"Vet staff of May village",1,NA
