"","user_id","uploaded_at","project_id","project_title","site_id","site_name","site_world_region_id","site_world_region_name","site_country_id","site_country","focus_group_id","focus_group_threshold_large_farm_ha","focus_group_threshold_small_farm_ha","focus_group_percent_households_landless","focus_group_percent_households_small","focus_group_percent_households_medium","focus_group_percent_households_large","focus_group_percent_credit_formal","focus_group_percent_credit_informal","focus_group_household_percent_migrating","focus_group_percent_reproduction_bull","focus_group_percent_reproduction_ai","focus_group_percent_processing_female","focus_group_percent_processing_male","focus_group_percent_processing_overall","focus_group_market_avg_distance_km","focus_group_market_avg_cost_travel","focus_group_partner_organization","focus_group_venue_name","focus_group_community_type","focus_group_community","focu_group_sub_region","focus_group_lat","focus_group_lng","site_lat","site_lng","geo_json","farmSizeU1prop"
"1",10,"2016-04-27 00:21:27.000000",9,"Congo Legacy Data",13,"Cirunga_test",1,"Sub-Saharan Africa",50,"Congo The Democratic Republic Of The",13,2,0.5,NA,8,76,16,NA,NA,NA,NA,NA,NA,NA,NA,NA,0,NA,"Cirunga",NA,"Cirunga","Cirunga",0,0,0,0,NA,8
"2",10,"2016-04-27 00:21:27.000000",9,"Congo Legacy Data",14,"Kamanyola",1,"Sub-Saharan Africa",50,"Congo The Democratic Republic Of The",14,1,0.5,0,64,23,14,NA,NA,NA,NA,NA,NA,NA,NA,NA,0,NA,"Kamanyola",NA,"Kamanyola","Kamanyola",0,0,0,0,NA,87
"3",10,"2016-04-27 00:21:27.000000",9,"Congo Legacy Data",15,"Muhongoza",1,"Sub-Saharan Africa",50,"Congo The Democratic Republic Of The",15,3,1,NA,57,33,10,NA,NA,NA,NA,NA,NA,NA,NA,NA,0,NA,"Muhongoza",NA,"Muhongoza","Muhongoza",0,0,0,0,NA,57
"4",10,"2016-04-27 00:21:27.000000",9,"Congo Legacy Data",16,"Tubimbi",1,"Sub-Saharan Africa",50,"Congo The Democratic Republic Of The",16,2,0.5,NA,8,76,16,NA,NA,NA,NA,NA,NA,NA,NA,NA,0,NA,"Tubimbi",NA,"Tubimbi","Tubimbi",0,0,0,0,NA,8
"5",10,"2016-04-27 00:21:27.000000",10,"India Legacy Data",17,"Bijapur and raichur",2,"South Asia",99,"India",17,10,2,18,14,47,21,NA,NA,NA,NA,NA,NA,NA,NA,NA,0,NA,"Bijapur and Raichur",NA,"Bijapur and Raichur",NA,0,0,0,0,NA,14
"6",10,"2016-04-27 00:21:27.000000",10,"India Legacy Data",18,"Chikmagalur",2,"South Asia",99,"India",18,4,1.2,NA,5,88,7,NA,NA,NA,NA,NA,NA,NA,NA,NA,0,NA,"Chikmagalur",NA,"Chikmagalur",NA,0,0,0,0,NA,5
"7",10,"2016-04-27 00:21:27.000000",10,"India Legacy Data",19,"Tumkur",2,"South Asia",99,"India",19,2,0.8,20,50,20,10,NA,NA,NA,NA,NA,NA,NA,NA,NA,0,NA,"Tumkur",NA,"Tumkur",NA,0,0,0,0,NA,50
"8",10,"2016-04-27 00:21:27.000000",11,"Zimbabwe Legacy Data",20,"Goromonzi - mwanza",1,"Sub-Saharan Africa",241,"Zimbabwe",20,6,1,NA,50,40,10,NA,NA,NA,NA,NA,NA,NA,NA,NA,0,NA,"Goromonzi",NA,"Mwanza",NA,0,0,-17.8535404205322,31.3761959075928,NA,50
"9",10,"2016-04-27 00:21:27.000000",11,"Zimbabwe Legacy Data",21,"Goromonzi - chikwaka",1,"Sub-Saharan Africa",241,"Zimbabwe",21,2,0.8,25,25,25,25,NA,NA,NA,NA,NA,NA,NA,NA,NA,0,NA,"Goromonzi",NA,"Chikwaka",NA,0,0,0,0,NA,25
"10",10,"2016-04-27 00:21:27.000000",12,"Kenya Legacy Data",22,"Cherangany dairy group",1,"Sub-Saharan Africa",110,"Kenya",22,15,5,0,60,30,10,NA,NA,50,NA,NA,NA,NA,NA,NA,0,NA,"Cherangany Dairy Group",NA,"Cherangany Dairy Group",NA,0,0,0,0,NA,60
"11",10,"2016-04-27 00:21:27.000000",12,"Kenya Legacy Data",23,"Metkei",1,"Sub-Saharan Africa",110,"Kenya",23,5,2,0,50,30,20,NA,NA,50,NA,NA,NA,NA,NA,NA,0,"METKEI COOPERATIVE","Metkei",NA,"Kapkonga","Metkei",0,0,0,0,NA,50
"12",10,"2016-04-27 00:21:27.000000",12,"Kenya Legacy Data",24,"Chepkorio dairy ltd",1,"Sub-Saharan Africa",110,"Kenya",24,5,2,0,34,33,33,NA,NA,50,NA,NA,NA,NA,NA,NA,0,NA,"Chepkorio Dairy Ltd.",NA,"Keiyo South","KEIYO SOUTH",0,0,0,0,NA,34
"13",10,"2016-04-27 00:21:27.000000",12,"Kenya Legacy Data",25,"Siongiroi (high rain)",1,"Sub-Saharan Africa",110,"Kenya",25,10,5,0,34,33,33,NA,NA,50,NA,NA,NA,NA,NA,NA,0,NA,"Siongiroi (High Rain)",NA,"Kimanaga","Chepalungu",0,0,0,0,NA,34
"14",10,"2016-04-27 00:21:27.000000",12,"Kenya Legacy Data",26,"Siongiroi (low rainfall)",1,"Sub-Saharan Africa",110,"Kenya",26,10,5,0,34,33,33,NA,NA,50,NA,NA,NA,NA,NA,NA,0,NA,"Siongiroi (Low Rainfall)",NA,"Kaptwolo","Chepalungu",0,0,0,0,NA,34
"15",10,"2016-04-27 00:21:27.000000",12,"Kenya Legacy Data",27,"Kipkelion (lower dry zone)",1,"Sub-Saharan Africa",110,"Kenya",27,5,3,0,60,30,10,NA,NA,50,NA,NA,NA,NA,NA,NA,0,NA,"Kipkelion (Lower Dry Zone)",NA,"Lamuria","Kieni West Gataragwa",0,0,0,0,NA,60
"16",10,"2016-04-27 00:21:27.000000",12,"Kenya Legacy Data",28,"Kipkelion (upper wet zone)",1,"Sub-Saharan Africa",110,"Kenya",28,5,3,0,60,30,10,NA,NA,50,NA,NA,NA,NA,NA,NA,0,NA,"Kipkelion (Upper Wet Zone)",NA,"Kiguru","Kieni West_Mweiga",0,0,0,0,NA,60
"17",10,"2016-04-27 00:21:27.000000",12,"Kenya Legacy Data",29,"Olchobasei (pra two)",1,"Sub-Saharan Africa",110,"Kenya",29,20,10,4,33,37,26,NA,NA,50,NA,NA,NA,NA,NA,NA,0,NA,"Olchobasei (Pra Two)",NA,"Pimbiniet","Transmara West (Pirrar)",0,0,0,0,NA,33
"18",10,"2016-04-27 00:21:27.000000",13,"Nigeria Legacy Data",30,"Ibarapa east",1,"Sub-Saharan Africa",156,"Nigeria",30,10,5,0,34,33,33,10,5,50,45,55,25,75,15,5,200,NA,"Ibarapa East",NA,"Afoyasoro","Ibarapa East",0,0,0,0,NA,34
"19",10,"2016-04-27 00:21:27.000000",12,"Kenya Legacy Data",31,"Olkalou (upper)",1,"Sub-Saharan Africa",110,"Kenya",31,10,5,NA,33,40,27,NA,NA,50,NA,NA,NA,NA,NA,NA,0,NA,"Olkalou (Upper)",NA,"Kangui","Nyandarua West",0,0,0,0,NA,33
"20",10,"2016-04-27 00:21:27.000000",12,"Kenya Legacy Data",32,"Lelan",1,"Sub-Saharan Africa",110,"Kenya",32,10,5,32,17,34,17,NA,NA,50,NA,NA,NA,NA,NA,NA,0,NA,"Lelan",NA,"Kapasait","Marakwet",0,0,0,0,NA,17
"21",10,"2016-04-27 00:21:27.000000",12,"Kenya Legacy Data",33,"Kipkelion (rural)",1,"Sub-Saharan Africa",110,"Kenya",33,10,5,32,17,34,17,NA,NA,50,NA,NA,NA,NA,NA,NA,0,NA,"Kipkelion (Rural)",NA,"Kapkures","Kipkelion West",0,0,0,0,NA,17
"22",10,"2016-04-27 00:21:27.000000",12,"Kenya Legacy Data",34,"Kipkelion (urban)",1,"Sub-Saharan Africa",110,"Kenya",34,10,5,32,17,34,17,NA,NA,50,NA,NA,NA,NA,NA,NA,0,NA,"Kipkelion (Urban)",NA,"Tugunon","Kipkelion, Chepseon",0,0,0,0,NA,17
"23",10,"2016-04-27 00:21:27.000000",12,"Kenya Legacy Data",35,"Olkalou (lower upper)",1,"Sub-Saharan Africa",110,"Kenya",35,10,4,0,53,29,18,NA,NA,50,NA,NA,NA,NA,NA,NA,0,NA,"Olkalou (Lower Upper)",NA,"MALEWA","KIPIPIRI",0,0,0,0,NA,53
"24",10,"2016-04-27 00:21:27.000000",14,"Tanzania Legacy Data",36,"Manyinga 2",1,"Sub-Saharan Africa",211,"Tanzania",36,7,4,0,70,20,10,NA,NA,50,NA,NA,NA,NA,NA,NA,0,NA,"Manyinga 2",NA,"Manyinga	","Mvomero	",0,0,0,0,NA,70
"25",10,"2016-04-27 00:21:27.000000",14,"Tanzania Legacy Data",37,"Wami sokoine 2",1,"Sub-Saharan Africa",211,"Tanzania",37,7,3,0,70,20,10,NA,NA,50,NA,NA,NA,NA,NA,NA,0,NA,"Wami Sokoine 2",NA,"WAMI SOKOINE","MVOMERO",0,0,0,0,NA,70
"26",10,"2016-04-27 00:21:27.000000",14,"Tanzania Legacy Data",38,"Tanga grp 2",1,"Sub-Saharan Africa",211,"Tanzania",38,7,3,0,70,20,10,NA,NA,50,NA,NA,NA,NA,NA,NA,0,NA,"Tanga Grp 2",NA,"Mafere	","Muheza	",0,0,0,0,NA,70
"27",10,"2016-04-27 00:21:27.000000",14,"Tanzania Legacy Data",39,"Wami sokoine 1",1,"Sub-Saharan Africa",211,"Tanzania",39,7,3,0,70,20,10,NA,NA,50,NA,NA,NA,NA,NA,NA,0,NA,"Wami Sokoine 1",NA,"Wami Sokoine	",NA,0,0,0,0,NA,70
"28",10,"2016-04-27 00:21:27.000000",12,"Kenya Legacy Data",40,"Sirikwa",1,"Sub-Saharan Africa",110,"Kenya",40,10,5,0,50,40,10,NA,NA,50,NA,NA,NA,NA,NA,NA,0,"SIRIKWA DAIRIES LTD","Sirikwa",NA,"CHEBELIO","ELDORET WEST",0,0,0,0,NA,50
"29",10,"2016-04-27 00:21:27.000000",12,"Kenya Legacy Data",41,"Tegat",1,"Sub-Saharan Africa",110,"Kenya",41,5,3,0,25,56,19,NA,NA,50,NA,NA,NA,NA,NA,NA,0,NA,"Tegat",NA,"Kirango","Bomet, Longisa, Tegat",0,0,0,0,NA,25
"30",10,"2016-04-27 00:21:27.000000",13,"Nigeria Legacy Data",42,"Ogo oluwa",1,"Sub-Saharan Africa",156,"Nigeria",42,100,5,0,50,30,20,NA,NA,50,NA,NA,NA,NA,NA,NA,0,NA,"Ogo Oluwa",NA,"Ajaawa","Ogbomoso",0,0,0,0,NA,50
"31",10,"2016-04-27 00:21:27.000000",13,"Nigeria Legacy Data",43,"Atakumosa (east)",1,"Sub-Saharan Africa",156,"Nigeria",43,10,5,10,40,30,20,NA,NA,50,NA,NA,NA,NA,NA,NA,0,NA,"Atakumosa",NA,"Eruwa","Ibarapa North",0,0,0,0,NA,40
"32",10,"2016-04-27 00:21:27.000000",13,"Nigeria Legacy Data",44,"Iddo",1,"Sub-Saharan Africa",156,"Nigeria",44,10,5,10,42,30,18,NA,NA,50,NA,NA,NA,NA,NA,NA,0,NA,"Iddo",NA,"Olatunji","Iddo",0,0,0,0,NA,42
"33",10,"2016-04-27 00:21:27.000000",13,"Nigeria Legacy Data",45,"Ayedire",1,"Sub-Saharan Africa",156,"Nigeria",45,10,5,10,40,30,20,NA,NA,50,NA,NA,NA,NA,NA,NA,0,NA,"Ayedire",NA,"idi Araba kuta","Ayedire",0,0,0,0,NA,40
"34",10,"2016-04-27 00:21:27.000000",13,"Nigeria Legacy Data",46,"Ife (east)",1,"Sub-Saharan Africa",156,"Nigeria",46,10,5,5,30,40,25,NA,NA,50,NA,NA,NA,NA,NA,NA,0,NA,"Ife (East)",NA,"Aba Ede ","Alagbon Meji (Ife East) ",0,0,0,0,NA,30
"35",10,"2016-04-27 00:21:27.000000",13,"Nigeria Legacy Data",47,"Oriire",1,"Sub-Saharan Africa",156,"Nigeria",47,10,5,5,30,40,25,NA,NA,50,NA,NA,NA,NA,NA,NA,0,NA,"Oriire",NA,"Iwara Village ","Iwara(Ife East) ",0,0,0,0,NA,30
"36",10,"2016-04-27 00:21:27.000000",14,"Tanzania Legacy Data",48,"Seloto village",1,"Sub-Saharan Africa",211,"Tanzania",48,2.2,0.8,NA,23,70,8,NA,NA,50,NA,NA,NA,NA,NA,NA,0,NA,"Seloto Village",NA,"Seloto (Haesam)","Babati Dareda",0,0,0,0,NA,23
"37",10,"2016-04-27 00:21:27.000000",14,"Tanzania Legacy Data",49,"Kilosa parakuyo 1",1,"Sub-Saharan Africa",211,"Tanzania",49,7,3,0,70,20,10,NA,NA,50,NA,NA,NA,NA,NA,NA,0,NA,"Kilosa Parakuyo 1",NA,"Twatwatwa	","Kilosa	",0,0,0,0,NA,70
"38",10,"2016-04-27 00:21:27.000000",14,"Tanzania Legacy Data",50,"Manyinga 1",1,"Sub-Saharan Africa",211,"Tanzania",50,7,3,0,70,20,10,NA,NA,50,NA,NA,NA,NA,NA,NA,0,NA,"Manyinga 1",NA,"Manyinga",NA,0,0,0,0,NA,70
"39",10,"2016-04-27 00:21:27.000000",14,"Tanzania Legacy Data",51,"Seloto grp 2",1,"Sub-Saharan Africa",211,"Tanzania",51,10,5,32,17,34,17,NA,NA,50,NA,NA,NA,NA,NA,NA,0,NA,"Seloto Grp 2",NA,"Seloto","Babati,Bashnet,Dareda	",0,0,0,0,NA,17
"40",10,"2016-04-27 00:21:27.000000",14,"Tanzania Legacy Data",52,"Pemba mkoani",1,"Sub-Saharan Africa",211,"Tanzania",52,10,5,32,17,34,17,NA,NA,50,NA,NA,NA,NA,NA,NA,0,NA,"Pemba Mkoani",NA,"Mjimbini	","Mkoani	",0,0,0,0,NA,17
"41",10,"2016-04-27 00:21:27.000000",14,"Tanzania Legacy Data",53,"Seloto grp 1",1,"Sub-Saharan Africa",211,"Tanzania",53,5,2,0,75,13,12,NA,NA,50,NA,NA,NA,NA,NA,NA,0,NA,"Seloto Grp 1",NA,"Seloto	","Babati- Bashnet	",0,0,0,0,NA,75
"42",10,"2016-04-27 00:21:27.000000",14,"Tanzania Legacy Data",54,"Sabilo grp 2",1,"Sub-Saharan Africa",211,"Tanzania",54,10,5,32,17,34,17,NA,NA,50,NA,NA,NA,NA,NA,NA,0,NA,"Sabilo Grp 2",NA,"Sabilo Gitenyamus	","Babati ,Bashnet Dabil	",0,0,0,0,NA,17
"43",10,"2016-04-27 00:21:27.000000",14,"Tanzania Legacy Data",55,"Sabilo grp 1",1,"Sub-Saharan Africa",211,"Tanzania",55,5,2,0,30,60,10,NA,NA,50,NA,NA,NA,NA,NA,NA,0,NA,"Sabilo Grp 1",NA,"SABILO	","BABATI, DASHNET	",0,0,0,0,NA,30
"44",10,"2016-04-27 00:21:27.000000",14,"Tanzania Legacy Data",56,"Pemba chake chake mkoani",1,"Sub-Saharan Africa",211,"Tanzania",56,10,5,0,30,40,30,NA,NA,50,NA,NA,NA,NA,NA,NA,0,NA,"Pemba Chake Chake Mkoani",NA,"Wara	","Wara-Chake chake	",0,0,0,0,NA,30
"45",10,"2016-04-27 00:21:27.000000",14,"Tanzania Legacy Data",57,"Long grp 1",1,"Sub-Saharan Africa",211,"Tanzania",57,10,5,0,27,46,27,NA,NA,50,NA,NA,NA,NA,NA,NA,0,NA,"Long Grp 1",NA,"Long	","Babati, Long	",0,0,0,0,NA,27
"46",10,"2016-04-27 00:21:27.000000",14,"Tanzania Legacy Data",58,"Pemba1",1,"Sub-Saharan Africa",211,"Tanzania",58,6,1,32,17,34,17,NA,NA,50,NA,NA,NA,NA,NA,NA,0,NA,"Pemba 1",NA,"Kisiwani	","Kisiwani	",0,0,0,0,NA,17
"47",10,"2016-04-27 00:21:27.000000",14,"Tanzania Legacy Data",59,"Long grp 2",1,"Sub-Saharan Africa",211,"Tanzania",59,10,5,32,17,34,17,NA,NA,50,NA,NA,NA,NA,NA,NA,0,NA,"Long Grp 2",NA,"Long Endaw","Babati Bashnet Bashnet	",0,0,0,0,NA,17
"48",10,"2016-04-27 00:21:27.000000",14,"Tanzania Legacy Data",60,"Kilosa day - mbwade gp2",1,"Sub-Saharan Africa",211,"Tanzania",60,7,3,NA,70,20,10,NA,NA,50,NA,NA,NA,NA,NA,NA,0,NA,"Kilosa Day - Mbwade Gp2",NA,"Mbwade	","Kilosa	",0,0,0,0,NA,70
"49",10,"2016-04-27 00:21:27.000000",14,"Tanzania Legacy Data",61,"Kilosa day - mbwade gp1",1,"Sub-Saharan Africa",211,"Tanzania",61,7,3,0,70,20,10,NA,NA,50,NA,NA,NA,NA,NA,NA,0,NA,"Kilosa Day - Mbwade Gp1",NA,"Mbwade	","Kilosa	",0,0,0,0,NA,70
"50",10,"2016-04-27 00:21:27.000000",14,"Tanzania Legacy Data",62,"Long village",1,"Sub-Saharan Africa",211,"Tanzania",62,4,1.8,0,55,40,5,NA,NA,50,NA,NA,NA,NA,NA,NA,0,NA,"Long Village",NA,"Long","Babati Bashnet	",0,0,0,0,NA,55
"51",10,"2016-04-27 00:21:27.000000",14,"Tanzania Legacy Data",63,"Sabilo village",1,"Sub-Saharan Africa",211,"Tanzania",63,2,1.2,0,40,45,15,NA,NA,50,NA,NA,NA,NA,NA,NA,0,NA,"Sabilo Village",NA,"Sabilo","Babati	",0,0,-4.34820604324341,35.4789810180664,NA,40
"52",10,"2016-04-27 00:21:27.000000",12,"Kenya Legacy Data",64,"Cheboru 2015",1,"Sub-Saharan Africa",110,"Kenya",64,1,0.6,0,30,40,30,NA,NA,50,NA,NA,NA,NA,NA,NA,0,NA,"Cheboru 2015",NA,"Kamoseset","Bureti/Cheborgei",0,0,0,0,NA,70
"53",10,"2016-04-27 00:21:27.000000",12,"Kenya Legacy Data",65,"Kapcheno",1,"Sub-Saharan Africa",110,"Kenya",65,10,5,0,60,30,10,NA,NA,50,NA,NA,NA,NA,NA,NA,0,NA,"Kapcheno",NA,"Kipkigenda","Nandi South",0,0,0,0,NA,60
"54",10,"2016-04-27 00:21:27.000000",12,"Kenya Legacy Data",66,"Sirikwa 2",1,"Sub-Saharan Africa",110,"Kenya",66,10,5,25,25,25,25,NA,NA,50,NA,NA,NA,NA,NA,NA,0,NA,"Sirikwa 2",NA,"Soy","Roret",0,0,0,0,NA,25
"55",10,"2016-04-27 00:21:27.000000",12,"Kenya Legacy Data",67,"Lelchego 2015",1,"Sub-Saharan Africa",110,"Kenya",67,10,5,0,10,80,10,NA,NA,50,NA,NA,NA,NA,NA,NA,0,NA,"Lelchego",NA,"Sigot","Nandi North",0,0,0,0,NA,10
"56",10,"2016-04-27 00:21:27.000000",12,"Kenya Legacy Data",68,"Kokiche 2015",1,"Sub-Saharan Africa",110,"Kenya",68,1.6,0.9,0,60,30,10,NA,NA,50,NA,NA,NA,NA,NA,NA,0,NA,"Kokiche",NA,"Chongenwa","Konoin",0,0,0,0,NA,60
"57",10,"2016-04-27 00:21:27.000000",12,"Kenya Legacy Data",69,"Lessos 2015",1,"Sub-Saharan Africa",110,"Kenya",69,10,5,0,1,70,29,NA,NA,50,NA,NA,NA,NA,NA,NA,0,NA,"Lessos",NA,"Socho","Nandi East",0,0,0,0,NA,1
"58",10,"2016-04-27 00:21:27.000000",12,"Kenya Legacy Data",70,"Sot 2015",1,"Sub-Saharan Africa",110,"Kenya",70,3.2,0.09,0,20,50,30,NA,NA,50,NA,NA,NA,NA,NA,NA,0,NA,"SOT",NA,"Norera","Bomet East",0,0,0,0,NA,20
"59",10,"2016-04-27 00:21:27.000000",12,"Kenya Legacy Data",71,"Tarakwo 2015",1,"Sub-Saharan Africa",110,"Kenya",71,10,5,0,40,50,10,NA,NA,50,NA,NA,NA,NA,NA,NA,0,NA,"Tarakwo",NA,"Lorian","Uasin Gishu",0,0,0,0,NA,40
"60",10,"2016-04-27 00:21:27.000000",12,"Kenya Legacy Data",72,"Cherobu",1,"Sub-Saharan Africa",110,"Kenya",72,10,5,32,17,34,17,NA,NA,50,NA,NA,NA,NA,NA,NA,0,NA,"Cherobu",NA,"KAPTIRBET","Bureti",0,0,0,0,NA,17
"61",10,"2016-04-27 00:21:27.000000",13,"Nigeria Legacy Data",74,"Iwo",1,"Sub-Saharan Africa",156,"Nigeria",73,10,5,10,45,25,20,NA,NA,NA,NA,NA,NA,NA,NA,NA,0,NA,"Town Hall",NA,"Iwo",NA,0,0,0,0,NA,45
"62",10,"2016-04-27 00:21:27.000000",13,"Nigeria Legacy Data",73,"Atakumosa west",1,"Sub-Saharan Africa",156,"Nigeria",74,10,5,5,45,35,15,NA,NA,NA,NA,NA,NA,NA,NA,NA,0,"ILRI","Atakuma (West)",NA,"Atakumosa",NA,0,0,0,0,NA,45
"63",13,"2016-09-01 10:33:43.000000",15,"Ftf Avcd Project",75,"Name of sub county",1,"Sub-Saharan Africa",110,"Kenya",75,NA,NA,NA,NA,NA,NA,NA,NA,NA,NA,NA,NA,NA,NA,NA,0,NA,NA,NA,"ward","sub county",0,0,0,0,NA,NA
"64",13,"2016-09-01 10:33:43.000000",17,"Ftf Avcd Project-Siaya County ,Alego Usonga Sub County",77,"Alego usonga sub county",1,"Sub-Saharan Africa",110,"Kenya",77,2.5,1,NA,30,50,20,40,60,60,90,10,50,50,50,1,100,"ILRI,ministry of livestock","sam malaanga dairy, alego usonga ",NA,"central,south east ward","alego usonga",0,0,0,0,NA,30
"65",25,"2017-06-12 11:46:56.000000",18,"Feast assessment in Luanda Sub County",78,"Luanda south,wemilabi, luanda township, mwibona and emabungo",1,"Sub-Saharan Africa",110,"Kenya",78,2,1,1,60,30,9,15,85,30,70,30,40,60,70,2,50,"Members of Dairy Cooperative, farmer groups","Luanda Sub County",NA,"Luanda Sub County","Luanda",0,0,0.703107357025146,38.49609375,NA,60
"66",25,"2017-06-12 11:51:43.000000",19,"Ftfavcd",79,"Kisumu west",1,"Sub-Saharan Africa",110,"Kenya",79,NA,NA,NA,NA,NA,NA,NA,NA,NA,NA,NA,NA,NA,NA,NA,0,NA,NA,NA,"Nyahera",NA,0,0,0,0,NA,NA
"67",25,"2017-06-12 11:51:43.000000",19,"Ftfavcd",79,"Kisumu west",1,"Sub-Saharan Africa",110,"Kenya",80,NA,NA,NA,NA,NA,NA,NA,NA,NA,NA,NA,NA,NA,NA,NA,0,NA,NA,NA,"Nyahera",NA,0,0,0,0,NA,NA
"68",25,"2017-06-12 11:51:43.000000",20,"Ftfavcd-Dairy",80,"Sega_test",1,"Sub-Saharan Africa",110,"Kenya",81,5,0.5,1,25,71,4,40,60,30,95,5,10,90,2,3,50,"SAC,ILRI,CGS,giz,KALRO, ICIPE","SEGA",NA,"NORTH UGENYA","UGENYA",2.5042,38.7528,2.50419998168945,38.752799987793,NA,25
"69",25,"2017-06-12 11:51:43.000000",20,"Ftfavcd-Dairy",80,"Sega_test",1,"Sub-Saharan Africa",110,"Kenya",82,NA,NA,NA,NA,NA,NA,NA,NA,NA,NA,NA,NA,NA,NA,NA,0,NA,NA,NA,"NORTH UGENYA","UGENYA",0,0,2.50419998168945,38.752799987793,NA,NA
"70",25,"2017-06-12 11:51:43.000000",20,"Ftfavcd-Dairy",80,"Sega_test",1,"Sub-Saharan Africa",110,"Kenya",83,NA,NA,NA,NA,NA,NA,NA,NA,NA,NA,NA,NA,NA,NA,NA,0,NA,NA,NA,"NORTH UGENYA","UGENYA",0,0,2.50419998168945,38.752799987793,NA,NA
"71",25,"2017-06-12 11:55:34.000000",21,"Baseline Line Data Collection Using Feast Tool In Rangwe Sub County",81,"Rangwe",1,"Sub-Saharan Africa",110,"Kenya",84,6,2,0,50,30,20,20,80,15,90,10,30,70,50,4,100,"Rangwe Dairy Coop","Orero",NA,"Gem East and West","Rangwe",0,0,0,0,NA,50
"72",25,"2017-06-12 11:56:13.000000",22,"Avcd Dairy",82,"Obwolo chiefs camp",1,"Sub-Saharan Africa",110,"Kenya",85,10,2,0,37,55,8,20,80,57,35,65,0,100,5,10,90,"Directorates ofLivestock production and Veterinary Sevices ","Obwolo chiefs camp",NA,"Kajulu Ward","Kisumu East Sub County",0,0,0,0,NA,37
"73",25,"2017-06-12 11:56:25.000000",23,"Ftf Avcd Project",83,"Kisumu west",1,"Sub-Saharan Africa",110,"Kenya",86,3,2,1,80,NA,19,35,60,10,80,20,50,50,20,3,50,"SAC, FIPS, COUNTY GOVERNMENT","NYAHERA",NA,"NYAHERA","KISUMU WEST ",0,0,0,0,NA,80
"74",25,"2017-06-12 11:56:25.000000",24,"Ftf Avcd Project",84,"Wagai resource centre",1,"Sub-Saharan Africa",110,"Kenya",87,2,1,10,30,40,20,NA,NA,NA,NA,NA,NA,NA,NA,NA,NA,"ILRI ","WAGAI RESOURCE CENTRE ",NA,"EAST GE, WEST GEM, CENTRALGEM, NORTH GEM","GEM ",0,0,0,0,NA,30
"75",25,"2017-06-12 11:56:37.000000",26,"Avcd Dairy",86,"Oseng teti primary school",1,"Sub-Saharan Africa",110,"Kenya",92,10,3,NA,60,30,10,20,80,60,80,20,50,50,30,2,50,"DEPARTMENT OF AGRI.","OSENG TETI PRIMARY SCHOOL",NA,"CHEMELIL WARD,MUHORONI/KORU WARD,MIWANI WARD","MUHORONI",0,0,0,0,NA,60
"76",25,"2017-06-12 11:56:53.000000",27,"Avcd Dairy Project",87,"Wachara youth polytechnic",1,"Sub-Saharan Africa",110,"Kenya",93,3,1,0,20,70,10,20,80,33,95,5,0,100,1,1,40,"Directorates of Livestock production and veterinery","Wachara Youth Polytecnic ",NA,"North West Kisumu Ward","Kisumu West Sub County ",0,0,0,0,NA,20
"77",25,"2017-06-12 11:57:03.000000",28,"Feast Avcd Kasipul",88,"Kasipul livestock office",1,"Sub-Saharan Africa",110,"Kenya",94,5,0.5,0,40,50,10,30,70,40,90,10,27,73,0,3,100,"  MOALF HAMABAY COUNTY, ILRI,FIPS AFRICA,HPI","KASIPUL SUB COUNTY OFFICE",NA,"SOUTH KASIPUL","KASIPUL",0,0,0,0,NA,40
"78",25,"2017-06-12 11:57:16.000000",29,"Feast Avcd Kabondo Kasipul",89,"Kabondo east - kadongo",1,"Sub-Saharan Africa",110,"Kenya",95,10,0.25,NA,10,85,5,10,90,40,80,20,5,95,5,2,50,"ILRI, FIPS AFRICA, HPI, KASBONDO AND COUNTY GOVERNMENT HOMABAY","KADONGO",NA,"KABONDO EAST","KABONDO KASIPUL",0,0,0,0,NA,10
"79",25,"2017-06-12 11:57:43.000000",30,"Assessing Livestock Feed Situation In Bukira East Ward,Kuria West Sub-County",90,"Kehancha multi purpose hall",1,"Sub-Saharan Africa",110,"Kenya",96,9,2,NA,30,40,30,20,80,20,80,20,20,80,10,7,100,"ILRI","Kehancha Multipurpose hall",NA,"Abakuria","Kuria West",0,0,0,0,NA,30
"80",25,"2017-06-12 11:57:55.000000",25,"Ftf Avcd Project",85,"Kisumu west",1,"Sub-Saharan Africa",110,"Kenya",97,NA,NA,NA,NA,NA,NA,NA,NA,NA,NA,NA,NA,NA,NA,NA,0,NA,NA,NA,"nyahera","kisumu west",0,0,0,0,NA,NA
"81",25,"2017-06-12 11:57:55.000000",31,"Ftf Kenya Avcd Project",91,"Ugunja subcounty",1,"Sub-Saharan Africa",110,"Kenya",98,NA,NA,NA,NA,NA,NA,NA,NA,NA,NA,NA,NA,NA,NA,NA,0,NA,NA,NA,"Sigomere,ugunja and sidindi wards","UGUNJA SUBCOUNTY",0,0,0,0,NA,NA
"82",25,"2017-06-12 11:57:55.000000",31,"Ftf Kenya Avcd Project",91,"Ugunja subcounty",1,"Sub-Saharan Africa",110,"Kenya",99,NA,NA,NA,NA,NA,NA,NA,NA,NA,NA,NA,NA,NA,NA,NA,0,NA,NA,NA,"Sigomere,ugunja and sidindi wards","UGUNJA SUBCOUNTY",0,0,0,0,NA,NA
"83",25,"2017-06-12 11:57:55.000000",32,"Feed The Future Kenya Dairy Value Chain",92,"Ugunja subcounty",1,"Sub-Saharan Africa",110,"Kenya",100,2,0.5,NA,30,40,30,30,70,33,95,5,50,50,NA,1,50,"GIZ,FIPSA,SEND A COW","UGUNJA TOWN",NA,"SIGOMERE,UGUNJA AND SIDINDI","UGUNJA",0,0,0,0,NA,30
"84",25,"2017-06-12 11:59:01.000000",33,"Ftf Avcd Project",93,"Kisumu  west",1,"Sub-Saharan Africa",110,"Kenya",101,3,1,0,80,15,5,35,60,10,20,80,50,50,20,3,50," ILR I,   Seke  Dairy farmers and  Govt","nyahera",NA," Nyahera","Kisumu  West",0,0,0,0,NA,80
"85",25,"2017-06-12 11:59:01.000000",34,"Accelerated Value Chain Development Project",94,"Awendo",1,"Sub-Saharan Africa",110,"Kenya",102,5,1,0,40,45,15,30,70,30,50,50,99,1,1,5,70,"heifer international, ILRI, County Government of Migori","awendo sub county headquarters",NA,"Sakwa","Awendo",0,0,0,0,NA,40
"86",25,"2017-06-16 09:03:54.000000",35,"Feast Dairy Voi",95,"Mwololo",1,"Sub-Saharan Africa",110,"Kenya",104,10,1,0,40,35,25,NA,NA,NA,NA,NA,NA,NA,NA,NA,NA,"ILRI","Tausa",NA,"Tausa","Mwololo",0,0,0,0,NA,40
"87",25,"2017-06-16 09:04:11.000000",38,"Avcd Dairy- Eastern",96,"Kee",1,"Sub-Saharan Africa",110,"Kenya",107,5,1,NA,20,70,10,40,60,30,70,30,30,70,10,8,200,"GOM, ILRI, KAVES","Kee",NA,"Kee","Subcounty",0,0,0,0,NA,20
"88",25,"2017-06-16 09:04:26.000000",39,"Avcd Livestock",97,"Milima tatu saku- sub county, marsabit",1,"Sub-Saharan Africa",110,"Kenya",108,10,0.25,0,28,61,11,0,100,1,100,0,50,50,0,3,200,NA,"Milima Tatu Farm",NA,"Milima tatu","Saku sub county",0,0,0,0,NA,28
"89",25,"2017-06-16 09:04:26.000000",42,"Avcd; Dairy Component",100,"Kasikeu and kiimakiu ward",1,"Sub-Saharan Africa",110,"Kenya",109,20,10,0,60,30,10,15,85,3,80,20,50,50,20,20,250,"ILRI, COUNTY GOVERMENT","KWOTHITHU ACC's CAMP",NA,"KASIKEU AND KIIMA KIU WARD","KILOME",0,0,0,0,NA,60
"90",25,"2017-06-16 09:05:05.000000",43,"Feed Assessment Tool",101,"Tawa",1,"Sub-Saharan Africa",110,"Kenya",110,9,0.5,0,20,60,20,30,70,1,80,20,60,40,30,8,200,"ILRI MOA","tawa",NA,"Kisau/ Kitata","Mbooni",1.4006,37.475,1.40059995651245,37.4749984741211,NA,20
"91",25,"2017-06-16 09:05:16.000000",44,"Avcdll Livestock",103,"Milimamitatu",1,"Sub-Saharan Africa",110,"Kenya",111,NA,NA,NA,NA,NA,NA,NA,NA,NA,NA,NA,NA,NA,NA,NA,0,NA,NA,NA,NA,NA,0,0,0,0,NA,NA
"92",25,"2017-06-16 09:05:16.000000",45,"Analysis Of Livestock Feed Availability And Utilization In Mwingi West Sub County, Kitui County",104,"Mwingi west",1,"Sub-Saharan Africa",110,"Kenya",112,7,2,5,25,40,30,20,80,20,90,10,50,50,0,5,100,"Genesis Community Development Assistance","Migwani Town",NA,"Migwani","Mwingi West",0,0,0,0,NA,25
"93",25,"2017-06-16 09:05:27.000000",48,"Feast Dairy",105,"Werugha",1,"Sub-Saharan Africa",110,"Kenya",114,2,0.5,0,20,70,10,NA,NA,NA,NA,NA,NA,NA,NA,NA,NA,"ILRI","WERGHA",NA,"Werugha","Taita",0,0,0,0,NA,20
"94",25,"2017-06-16 09:05:37.000000",51,"Feast Dairy",106,"Danida hall",1,"Sub-Saharan Africa",110,"Kenya",117,5,1,NA,40,40,20,20,80,20,99,1,0,100,1,6,300,"ILRI,CG,PROVINCIAL ADMINISTRATION","DANIDA HALL",NA,"VILLAGE","TAVETA",0,0,0,0,NA,40
"95",65,"2018-09-11 06:09:08.000000",52,"Feed & Fodder",107,"Basudevpur",2,"South Asia",99,"India",118,4,1,20,25,40,15,60,40,80,65,35,90,10,70,3,20,"Government","Barandua(Kapilmuni)",NA,"Barandua","Basudevpur",21.0939,86.5405,21.093900680542,86.5404968261719,NA,25
"96",65,"2018-09-11 06:09:08.000000",52,"Feed & Fodder",107,"Basudevpur",2,"South Asia",99,"India",119,4,1,25,43,30,2,30,70,50,20,80,80,20,20,0,10,"Government","B.Binayakpur",NA,"B.Binayakpur","Basudevpur",21.1108,86.73,21.093900680542,86.5404968261719,NA,43
"97",65,"2018-09-11 06:09:08.000000",52,"Feed & Fodder",107,"Basudevpur",2,"South Asia",99,"India",120,3,1,20,25,45,10,10,90,20,80,20,50,50,NA,10,40,"Government","Ertal",NA,"Ertal","Basudevpur",21.1536,86.7025,21.093900680542,86.5404968261719,NA,25
"98",65,"2018-09-11 06:09:08.000000",52,"Feed & Fodder",107,"Basudevpur",2,"South Asia",99,"India",121,1,0,45,30,22,3,60,40,60,20,80,70,30,60,8,30,"Government","Brahmanagaon",NA,"Brahmanagaon","Basudevpur",21.1944,86.6809,21.093900680542,86.5404968261719,NA,52
"99",65,"2018-09-11 06:09:08.000000",52,"Feed & Fodder",107,"Basudevpur",2,"South Asia",99,"India",122,3,1,15,50,30,5,90,10,90,25,75,40,60,5,1,10,"FARD,GoO","Kumarpur",NA,"Kumarpur","Basudevpur",21.1489,86.7156,21.093900680542,86.5404968261719,NA,50
"100",65,"2018-09-11 06:09:08.000000",52,"Feed & Fodder",107,"Basudevpur",2,"South Asia",99,"India",123,4,1.5,23,40,35,2,80,20,80,10,90,70,30,25,3,20,"FARD, GoO","Arondua",NA,"Arondua","Basudevpur",21.1278,86.7234,21.093900680542,86.5404968261719,NA,40
"101",65,"2018-09-11 06:09:08.000000",52,"Feed & Fodder",107,"Basudevpur",2,"South Asia",99,"India",124,4,1.5,25,25,40,10,70,30,80,20,80,50,50,70,1,10,"FARD, GoO","Baikunthapur",NA,"Baikunthapur","Basudevpur",21.1192,86.577,21.093900680542,86.5404968261719,NA,25
"102",65,"2018-09-11 06:09:08.000000",52,"Feed & Fodder",107,"Basudevpur",2,"South Asia",99,"India",125,5,1,40,38,20,2,60,40,45,10,90,90,10,NA,7,20,"FARD, GoO","Belasaunlia",NA,"Belasaunlia","Basudevpur",21.1111,86.73,21.093900680542,86.5404968261719,NA,38
"103",65,"2018-09-11 06:09:08.000000",52,"Feed & Fodder",107,"Basudevpur",2,"South Asia",99,"India",126,4,2,25,40,30,5,75,25,90,20,80,60,40,10,0,10,"FARD, GoO","Sankharu",NA,"Sankharu","Basudevpur",21.1397,86.7295,21.093900680542,86.5404968261719,NA,40
"104",13,"2018-09-28 14:57:29.000000",53,"Feed & Fodder",108,"Shamakhunta",2,"South Asia",99,"India",127,5,2,15,50,30,5,15,85,20,98,2,50,50,1,3,30,"DAH & VS","Khandia",NA,"Khandia","Shamakhunta",21.935,86.6858,21.9349994659424,86.6857986450195,"[{""lat"":21.934999465942383,""lng"":86.68579864501953},{""lat"":21.935228365362907,""lng"":86.68538960814477},{""lat"":21.934728269413203,""lng"":86.68507847189905},{""lat"":21.934633723712697,""lng"":86.6856631934643}]",50
"105",13,"2018-09-28 14:57:29.000000",53,"Feed & Fodder",108,"Shamakhunta",2,"South Asia",99,"India",128,4,1,40,20,30,10,20,80,90,25,75,50,50,10,10,40,"DAH & VS","Sinduragoura",NA,"Sinduragoura","Shamakhunta",21.9344,86.7234,21.9349994659424,86.6857986450195,"[{""lat"":21.935417455910812,""lng"":86.68572890758516},{""lat"":21.935521953211016,""lng"":86.68538290262224},{""lat"":21.93535276706744,""lng"":86.68495374917985},{""lat"":21.935387599968855,""lng"":86.68523940460888},{""lat"":21.93532291120077,""lng"":86.68543922929851},{""lat"":21.935218413573942,""lng"":86.68561759616031},{""lat"":21.93516367643358,""lng"":86.68581742048265},{""lat"":21.93527314998906,""lng"":86.68589252233507}]",20
"106",13,"2018-09-28 14:57:29.000000",53,"Feed & Fodder",108,"Shamakhunta",2,"South Asia",99,"India",129,5,2,30,50,10,10,20,80,15,92,8,30,70,5,12,40,"DAH & VS","Salabani",NA,"Salabani","Shamakhunta",21.9281,86.7295,21.9349994659424,86.6857986450195,NA,50
"107",13,"2018-09-28 14:57:29.000000",53,"Feed & Fodder",108,"Shamakhunta",2,"South Asia",99,"India",130,5,2,50,10,20,20,20,80,20,90,10,50,50,10,5,30,"DAH & VS","Ambadubi",NA,"Ambadubi","Shamakhunta",21.9855,86.4519,21.9349994659424,86.6857986450195,NA,10
"108",13,"2018-09-28 14:57:29.000000",53,"Feed & Fodder",108,"Shamakhunta",2,"South Asia",99,"India",131,5,1,25,40,15,20,10,90,20,0,100,50,50,2,1,10,"DAH & VS","Shamakhunta",NA,"Shamakhunta","Shamakhunta",21.9341,86.7228,21.9349994659424,86.6857986450195,NA,40
"109",13,"2018-09-28 14:57:29.000000",53,"Feed & Fodder",108,"Shamakhunta",2,"South Asia",99,"India",132,5,0.5,15,30,30,25,20,80,50,70,30,50,50,5,12,50,"DAH & VS","Chandanpur",NA,"Chandanpur ","Samakhunta",25.4175,84.5522,21.9349994659424,86.6857986450195,NA,30
"110",13,"2018-09-28 14:57:29.000000",53,"Feed & Fodder",108,"Shamakhunta",2,"South Asia",99,"India",133,5,1.5,30,25,30,15,30,70,60,90,10,70,30,2,15,50,"DAH & VS","Balidiha",NA,"Balidiha","Samakhunta",21.9352,86.6792,21.9349994659424,86.6857986450195,NA,25
"111",13,"2018-09-28 14:57:29.000000",53,"Feed & Fodder",108,"Shamakhunta",2,"South Asia",99,"India",134,3,1,20,15,40,25,5,95,80,100,0,50,50,10,6,20,"DAH & VS","Mudrajodi",NA,"Mudrajodi","Samakhunta",21.9358,86.7225,21.9349994659424,86.6857986450195,NA,15
"112",13,"2018-09-28 14:57:29.000000",53,"Feed & Fodder",108,"Shamakhunta",2,"South Asia",99,"India",135,5,2,30,30,20,20,95,5,65,10,90,70,30,1,10,50,"DAH & VS","Kundalbani",NA,"Kundalbani","Samakhunta",21.9352,86.7569,21.9349994659424,86.6857986450195,NA,30
"113",13,"2018-09-28 14:57:29.000000",53,"Feed & Fodder",108,"Shamakhunta",2,"South Asia",99,"India",136,2.5,1,30,50,10,10,25,75,60,60,40,70,30,10,10,30,"DAH & VS","Satapautia",NA,"Satapautia","Samakhunta",21.9325,86.7248,21.9349994659424,86.6857986450195,NA,50
"114",65,"2018-10-04 05:43:11.000000",54,"Feed & Fodder",109,"Gop",2,"South Asia",99,"India",137,2,0.5,20,60,15,5,10,90,35,25,75,65,35,60,3,20,"DAH&VS","Tinitieara",NA,"Tinitieara","Gop",20.0309,85.9402,20.0308990478516,85.9402008056641,NA,60
"115",65,"2018-10-04 05:43:11.000000",54,"Feed & Fodder",109,"Gop",2,"South Asia",99,"India",138,3,0.5,10,40,30,20,80,20,80,30,70,80,20,30,1,20,"DAH&VS","Benipur",NA,"Benipur","Gop",19.9778,86.0147,20.0308990478516,85.9402008056641,NA,40
"116",65,"2018-10-04 05:43:11.000000",54,"Feed & Fodder",109,"Gop",2,"South Asia",99,"India",139,1.6,0.5,30,45,20,5,10,90,50,20,80,50,50,0,2,20,"DAH&VS","Sankharia",NA,"Sankharia","Gop",20.0334,85.9858,20.0308990478516,85.9402008056641,NA,45
"117",65,"2018-10-04 05:43:11.000000",54,"Feed & Fodder",109,"Gop",2,"South Asia",99,"India",140,2.1,0.5,10,50,30,10,5,95,65,NA,NA,80,20,80,8,40,"DAH&VS","Behereda",NA,"Behereda","Gop",19.8539,85.9997,20.0308990478516,85.9402008056641,NA,50
"118",65,"2018-10-04 05:43:11.000000",54,"Feed & Fodder",109,"Gop",2,"South Asia",99,"India",141,2.5,0.5,30,40,25,5,10,90,50,5,95,75,25,70,10,80,"DAH&VS","Basantadiha",NA,"Basantadiha","Gop",19.8784,85.9994,20.0308990478516,85.9402008056641,NA,40
"119",65,"2018-10-04 05:43:11.000000",54,"Feed & Fodder",109,"Gop",2,"South Asia",99,"India",142,2.1,0.5,25,50,20,5,10,90,30,5,95,60,40,70,4,30,"DAH&VS","Dihuda",NA,"Dihuda","Gop",20.03,85.9292,20.0308990478516,85.9402008056641,NA,50
"120",65,"2018-10-04 05:43:11.000000",54,"Feed & Fodder",109,"Gop",2,"South Asia",99,"India",143,2.1,0.5,20,40,30,10,40,60,60,45,55,60,40,20,6,15,"DAH&VS","Sujanagar",NA,"Sujanagar","Gop",19.8575,85.9964,20.0308990478516,85.9402008056641,NA,40
"121",65,"2018-10-04 05:43:11.000000",54,"Feed & Fodder",109,"Gop",2,"South Asia",99,"India",144,2,0.2,74,20,5,1,20,80,90,5,95,80,20,20,7,50,"DAH&VS","Keutunga",NA,"Keutunga","Gop",19.9483,86.0497,20.0308990478516,85.9402008056641,NA,20
"122",65,"2018-10-04 05:43:11.000000",54,"Feed & Fodder",109,"Gop",2,"South Asia",99,"India",145,3,0.5,10,50,30,10,10,90,35,0,95,50,50,5,1,10,"DAH&VS","Bedpur",NA,"Bedpur","Gop",19.9784,86.0164,20.0308990478516,85.9402008056641,NA,50
"123",65,"2018-10-04 05:43:11.000000",54,"Feed & Fodder",109,"Gop",2,"South Asia",99,"India",146,2.5,0.5,20,55,20,5,15,85,15,10,90,50,50,5,3,25,"DAH&VS","Subarnapur",NA,"Subarnapur","Gop",19.9597,86.0284,20.0308990478516,85.9402008056641,NA,55
"124",65,"2018-10-04 05:43:53.000000",55,"Feed And Fodder",110,"Nuapada",2,"South Asia",99,"India",147,7,2,10,40,40,10,50,50,20,90,10,50,50,10,7,40,"DAH & VS","Dumerpani",NA,"Dumerpani","Nuapada",20.8767,82.5069,20.8766994476318,82.5068969726562,NA,40
"125",65,"2018-10-04 05:43:53.000000",55,"Feed And Fodder",110,"Nuapada",2,"South Asia",99,"India",148,5,2,20,35,30,15,20,80,50,90,10,60,40,5,3,10,"DAH & VS","Panchampur",NA,"Panchampur","Nuapada",20.1289,82.9044,20.8766994476318,82.5068969726562,NA,35
"126",65,"2018-10-04 05:43:53.000000",55,"Feed And Fodder",110,"Nuapada",2,"South Asia",99,"India",149,10,3,5,65,20,10,50,50,5,10,90,70,30,5,5,30,"DAH & VS","Amsena",NA,"Amsena","Nuapada",20.8809,82.5234,20.8766994476318,82.5068969726562,NA,65
"127",65,"2018-10-04 05:43:53.000000",55,"Feed And Fodder",110,"Nuapada",2,"South Asia",99,"India",150,5,2,10,55,25,10,30,70,5,50,50,50,50,5,4,10,"DAH & VS","Gotma",NA,"Gotma","Nuapada",20.8773,82.5075,20.8766994476318,82.5068969726562,NA,55
"128",65,"2018-10-04 05:43:53.000000",55,"Feed And Fodder",110,"Nuapada",2,"South Asia",99,"India",151,3,1,50,30,15,5,20,80,10,90,10,50,50,0,5,20,"DAH & VS","Lukupali",NA,"Lukupali","Nuapada",20.8061,82.5594,20.8766994476318,82.5068969726562,NA,30
"129",65,"2018-10-04 05:43:53.000000",55,"Feed And Fodder",110,"Nuapada",2,"South Asia",99,"India",152,10,2.5,10,50,30,10,50,50,30,25,75,50,50,0,10,60,"DAH & VS","Maulibhata",NA,"Maulibhata","Nuapada",20.7883,82.5111,20.8766994476318,82.5068969726562,NA,50
"130",65,"2018-10-04 05:43:53.000000",55,"Feed And Fodder",110,"Nuapada",2,"South Asia",99,"India",153,5,1,2,40,33,25,50,50,20,80,20,30,70,2,9,50,"DAH & VS","Lanjimar",NA,"Lanjimar","Nuapada",20.1553,82.9014,20.8766994476318,82.5068969726562,NA,40
"131",65,"2018-10-04 05:43:53.000000",55,"Feed And Fodder",110,"Nuapada",2,"South Asia",99,"India",154,5,2,25,60,10,5,30,70,0,75,25,50,50,50,1,5,"DAH & VS","Routpada",NA,"Routpada","Nuapada",20.8886,82.5053,20.8766994476318,82.5068969726562,NA,60
"132",65,"2018-10-04 05:43:53.000000",55,"Feed And Fodder",110,"Nuapada",2,"South Asia",99,"India",155,5,2,20,25,5,50,30,70,10,80,20,30,70,10,1,0,"DAH & VS","Sarabang",NA,"Sarabang","Nuapada",20.7883,82.5111,20.8766994476318,82.5068969726562,NA,25
"133",65,"2018-10-04 05:43:53.000000",55,"Feed And Fodder",110,"Nuapada",2,"South Asia",99,"India",156,5,2,20,50,20,10,40,60,20,90,10,80,20,1,5,20,"DAH & VS","Salebhata",NA,"Salebhata","Nuapada",20.8017,82.5614,20.8766994476318,82.5068969726562,NA,50
"134",65,"2018-10-08 05:16:44.000000",56,"Feed & Fodder",111,"Khajuripada",2,"South Asia",99,"India",157,5,2,15,45,30,10,10,90,25,95,5,70,30,2,4,20,"DAH & VS","Urumunda",NA,"Urumunda","Khajuripada",20.4358,84.4136,20.4358005523682,84.4135971069336,NA,45
"135",65,"2018-10-08 05:16:44.000000",56,"Feed & Fodder",111,"Khajuripada",2,"South Asia",99,"India",158,6,2.5,20,25,50,5,5,95,50,100,0,80,20,60,4,30,"DAH & VS","Darada",NA,"Darada","Khajuripada",20.4366,84.4061,20.4358005523682,84.4135971069336,NA,25
"136",65,"2018-10-08 05:16:44.000000",56,"Feed & Fodder",111,"Khajuripada",2,"South Asia",99,"India",159,5,2,20,35,35,10,10,90,10,100,0,70,30,0,2,20,"DAH & VS","Khaligudri",NA,"Khaligudri","Khajuripada",20.4253,84.3369,20.4358005523682,84.4135971069336,NA,35
"137",65,"2018-10-08 05:16:44.000000",56,"Feed & Fodder",111,"Khajuripada",2,"South Asia",99,"India",160,8,2,10,65,20,5,20,80,20,80,20,50,50,0,15,100,"DAH & VS","Barikumpa",NA,"Barikumpa","Khajuripada",20.3756,84.238,20.4358005523682,84.4135971069336,NA,65
"138",65,"2018-10-08 05:16:44.000000",56,"Feed & Fodder",111,"Khajuripada",2,"South Asia",99,"India",161,5,1.5,10,50,30,10,60,40,70,100,0,50,50,5,15,80,"DAH & VS","Dutipada",NA,"Dutipada","Khajuripada",20.7539,84.5341,20.4358005523682,84.4135971069336,NA,50
"139",65,"2018-10-08 05:16:44.000000",56,"Feed & Fodder",111,"Khajuripada",2,"South Asia",99,"India",162,6,2,25,50,20,5,40,60,30,95,5,65,35,5,1,10,"DAH & VS","Khajuripada",NA,"Khajuripada","Khajuripada",20.3681,84.3314,20.4358005523682,84.4135971069336,NA,50
"140",65,"2018-10-08 05:16:44.000000",56,"Feed & Fodder",111,"Khajuripada",2,"South Asia",99,"India",163,7,2,10,30,50,10,10,90,50,100,0,40,60,0,20,100,"DAH & VS","Balaskumpa",NA,"Balaskumpa","Khajuripada",20.343,84.2525,20.4358005523682,84.4135971069336,NA,30
"141",65,"2018-10-08 05:16:44.000000",56,"Feed & Fodder",111,"Khajuripada",2,"South Asia",99,"India",164,5,2,20,40,30,10,20,80,50,95,5,60,40,0,5,20,"DAH & VS","Dalapada",NA,"Dalapada","Khajuripada",20.6875,84.4416,20.4358005523682,84.4135971069336,NA,40
"142",65,"2018-10-08 05:16:44.000000",56,"Feed & Fodder",111,"Khajuripada",2,"South Asia",99,"India",165,5,2,10,40,40,10,15,85,15,100,0,50,50,1,5,40,"DAH & VS","R Nuagaon",NA,"R Nuagaon","Khajuripada",20.3872,84.3864,20.4358005523682,84.4135971069336,NA,40
"143",65,"2018-10-08 05:16:44.000000",56,"Feed & Fodder",111,"Khajuripada",2,"South Asia",99,"India",166,8,2.5,10,50,30,10,15,85,5,100,0,70,30,0,8,40,"DAH & VS","Ahinsa",NA,"Ahinsa","Khajuripada",20.4533,84.2731,20.4358005523682,84.4135971069336,NA,50
"144",65,"2018-10-08 05:37:08.000000",56,"Feed & Fodder",112,"Kantamal",2,"South Asia",99,"India",167,5,2,50,25,20,5,50,50,10,30,70,70,30,10,1,10,"DAH & VS","Palasagora",NA,"Palasagora","Kantamal",20.6875,83.4408,20.6875,83.440803527832,NA,25
"145",65,"2018-10-08 05:37:08.000000",56,"Feed & Fodder",112,"Kantamal",2,"South Asia",99,"India",168,4,1.5,15,50,30,5,10,90,90,50,50,60,40,0,15,100,"DAH & VS","Landapadar",NA,"Landapadar","Kantamal",20.7444,84.2775,20.6875,83.440803527832,NA,50
"146",65,"2018-10-08 05:37:08.000000",56,"Feed & Fodder",112,"Kantamal",2,"South Asia",99,"India",169,5,2,15,50,30,5,20,80,10,0,100,50,50,0,3,20,"DAH & VS","Para",NA,"Para","Kantamal",20.7594,84.205,20.6875,83.440803527832,NA,50
"147",65,"2018-10-08 05:37:08.000000",56,"Feed & Fodder",112,"Kantamal",2,"South Asia",99,"India",170,4,1.5,5,50,40,5,20,80,80,0,100,50,50,10,35,100,"DAH&VS","Tentulikhunti",NA,"Tentulikhunti","Kantamal",20.743,84.2748,20.6875,83.440803527832,NA,50
"148",65,"2018-10-08 05:37:08.000000",56,"Feed & Fodder",112,"Kantamal",2,"South Asia",99,"India",171,4,1.5,20,50,25,5,10,90,40,90,10,50,50,0,5,50,"DAH&VS","Talabeda ",NA,"Talabeda","Kantamal",20.7439,84.2775,20.6875,83.440803527832,NA,50
"149",65,"2018-10-08 05:37:08.000000",56,"Feed & Fodder",112,"Kantamal",2,"South Asia",99,"India",172,5,2,40,30,20,10,5,95,80,0,100,65,35,0,20,1000,"DAH&VS","Chhapara",NA,"Chhapara","Kantamal",20.7375,84.2709,20.6875,83.440803527832,NA,30
"150",65,"2018-10-08 05:37:08.000000",56,"Feed & Fodder",112,"Kantamal",2,"South Asia",99,"India",173,4,2,10,45,40,5,10,90,80,15,85,40,60,0,25,100,"DAH&VS","Kudibahal",NA,"Kudibahal","Kantamal",20.7427,84.2775,20.6875,83.440803527832,NA,45
"151",65,"2018-10-08 05:37:08.000000",56,"Feed & Fodder",112,"Kantamal",2,"South Asia",99,"India",174,4,1.5,50,30,15,5,30,70,60,30,70,60,40,0,1,10,"DAH&VS","Baghibahal",NA,"Baghibahal","Kantamal",20.74,83.6742,20.6875,83.440803527832,NA,30
"152",65,"2018-10-08 05:37:08.000000",56,"Feed & Fodder",112,"Kantamal",2,"South Asia",99,"India",175,4,1.5,30,30,30,10,20,80,30,70,30,70,30,0,2,20,"DAH&VS","Gulgulapadar",NA,"Gulgulapadar","Kantamal",20.6756,83.6361,20.6875,83.440803527832,NA,30
"153",65,"2018-10-08 05:37:08.000000",56,"Feed & Fodder",112,"Kantamal",2,"South Asia",99,"India",176,4,1.5,20,30,40,10,25,75,10,0,100,30,70,0,4,30,"DAH&VS","Badapadar",NA,"Badapadar","Kantamal",20.6692,83.3958,20.6875,83.440803527832,NA,30
"154",65,"2018-10-08 05:37:53.000000",57,"Feed & Fodder",113,"Banki",2,"South Asia",99,"India",177,2.5,1.5,60,25,10,5,30,70,40,30,70,70,30,5,5,20,"DAH & VS","Nitai Goura Mandap",NA,"Durgapur","Banki",20.372,85.5245,20.3719997406006,85.5244979858398,NA,25
"155",65,"2018-10-08 05:37:53.000000",57,"Feed & Fodder",115,"Nischintakoili",2,"South Asia",99,"India",178,4,1.5,20,50,25,5,10,90,40,0,100,50,50,20,7,30,"DAH & VS","Paikaraypur",NA,"Paikaraypur","Nischintakoili",20.4908,86.1295,20.4908008575439,86.1295013427734,NA,50
"156",65,"2018-10-08 05:37:53.000000",57,"Feed & Fodder",114,"Badamba",2,"South Asia",99,"India",179,5,1.5,60,20,17,3,10,90,15,0,100,80,20,10,2,10,"DAH & VS","Gobardhanpur",NA,"Gobardhanpur","Badamba",20.33,85.322,20.3299999237061,85.3219985961914,NA,20
"157",65,"2018-10-08 05:37:53.000000",57,"Feed & Fodder",115,"Nischintakoili",2,"South Asia",99,"India",180,4,1.5,5,50,35,10,30,70,50,0,100,75,25,20,5,20,"DAH & VS","Patapur",NA,"Patapur","Nischintakoili",20.4764,86.1394,20.4908008575439,86.1295013427734,NA,50
"158",65,"2018-10-08 05:37:53.000000",57,"Feed & Fodder",115,"Nischintakoili",2,"South Asia",99,"India",181,3,1.5,30,55,13,2,10,90,30,0,100,70,30,25,5,20,"DAH & VS, Odisha","Barado",NA,"Barado","Nischintakoili",20.5089,86.145,20.4908008575439,86.1295013427734,NA,55
"159",65,"2018-10-08 05:37:53.000000",57,"Feed & Fodder",113,"Banki",2,"South Asia",99,"India",182,5,2,50,30,15,5,10,90,60,75,25,50,50,5,3,10,"DAH&VS, Odisha","Ragadipatna,Hanuman Temple",NA,"Ragadipatna","Banki",20.3491,85.5259,20.3719997406006,85.5244979858398,NA,30
"160",65,"2018-10-08 05:37:53.000000",57,"Feed & Fodder",113,"Banki",2,"South Asia",99,"India",183,7,1.5,30,50,15,5,10,90,10,10,90,70,30,2,2,10,"DAH&VS, Odisha","Bhagawat Ghar, Patapur/Gopalpur",NA,"Patapur/Gopalpur","Banki",20.3597,85.5341,20.3719997406006,85.5244979858398,NA,50
"161",65,"2018-10-08 05:37:53.000000",57,"Feed & Fodder",114,"Badamba",2,"South Asia",99,"India",184,2,1,10,80,9,1,40,60,50,10,90,80,20,5,6,50,"DAH&VS,Odisha","Haritha,Bhagabat Mandap",NA,"Haritha","Badamba",20.4458,85.5311,20.3299999237061,85.3219985961914,NA,80
"162",65,"2018-10-08 05:37:53.000000",57,"Feed & Fodder",114,"Badamba",2,"South Asia",99,"India",185,5,2,50,30,15,5,20,80,20,0,100,90,10,10,6,40,"DAH&VS,Odisha","Biswanathpur, Swapneswar Temple",NA,"Biswanathpur","Banki",20.3975,85.1452,20.3299999237061,85.3219985961914,NA,30
"163",65,"2018-10-08 05:38:37.000000",58,"Feed & Fodder",118,"Bahanaga",2,"South Asia",99,"India",186,10,3,15,68,15,2,30,70,80,20,80,70,30,0,5,30,"DAH&VS,Odisha","Rahaniaganj",NA,"Rahaniaganj","Bahanaga",21.2858,86.8072,21.2858009338379,86.8071975708008,NA,68
"164",65,"2018-10-08 05:38:37.000000",58,"Feed & Fodder",118,"Bahanaga",2,"South Asia",99,"India",187,5,2,5,77,15,3,10,90,50,20,80,70,30,0,1,10,"DAH&VS,Odisha","Talakurunia",NA,"Talakurunia","Bahanaga",21.3236,86.7439,21.2858009338379,86.8071975708008,NA,77
"165",65,"2018-10-08 05:38:37.000000",58,"Feed & Fodder",118,"Bahanaga",2,"South Asia",99,"India",188,3,1.5,0,50,35,15,40,60,50,90,10,80,20,0,3,20,"DAH&VS,Odisha","Haripur",NA,"Haripur","Bahanaga",21.2989,86.8164,21.2858009338379,86.8071975708008,NA,50
"166",65,"2018-10-08 05:38:37.000000",58,"Feed & Fodder",116,"Baliapal",2,"South Asia",99,"India",189,5,2,35,30,30,5,70,30,80,20,80,80,20,10,7,50,"DAH&VS, Odisha","Balarampur",NA,"Balarampur","Baliapal",21.638,87.2622,21.6380004882812,87.2621994018555,"[{""lat"":21.638459236252544,""lng"":87.26204919815063},{""lat"":21.63790774169125,""lng"":87.26166832235057},{""lat"":21.637515809433037,""lng"":87.26075100898743},{""lat"":21.637230587929963,""lng"":87.26148325274602},{""lat"":21.63714482017011,""lng"":87.26221549462383},{""lat"":21.637492870743863,""lng"":87.26347345127304}]",30
"167",65,"2018-10-08 05:38:37.000000",58,"Feed & Fodder",116,"Baliapal",2,"South Asia",99,"India",190,5,2,20,50,25,5,30,70,75,10,90,75,25,0,6,30,"DAH&VS,Odisha","Dagara",NA,"Dagara","Baliapal",21.5833,87.282,21.6380004882812,87.2621994018555,"[{""lat"":21.638197450903938,""lng"":87.26228255033493},{""lat"":21.638064937581305,""lng"":87.26213569936571},{""lat"":21.638042124816387,""lng"":87.26196739089383},{""lat"":21.63815855702507,""lng"":87.26176756620407},{""lat"":21.63796782722613,""lng"":87.26188960665506},{""lat"":21.63777211101539,""lng"":87.26167905330658},{""lat"":21.63785189350207,""lng"":87.26201611703232},{""lat"":21.637757151794226,""lng"":87.26213145201996},{""lat"":21.637852890965164,""lng"":87.26234155837562},{""lat"":21.637903752054587,""lng"":87.26267504662192},{""lat"":21.637942272133778,""lng"":87.26240660244612},{""lat"":21.638010710411542,""lng"":87.26230445509198}]",50
"168",65,"2018-10-08 05:38:37.000000",58,"Feed & Fodder",116,"Baliapal",2,"South Asia",99,"India",191,5,2.5,55,38,5,2,30,70,60,30,70,70,30,1,3,20,"DAH&VS,Odisha","Deula, Mahalaxmi Gokhadya Bhandar",NA,"Deula","Baliapal",21.6286,87.2756,21.6380004882812,87.2621994018555,"[{""lat"":21.638558963879564,""lng"":87.26123380661011},{""lat"":21.638139817198866,""lng"":87.26109220561865},{""lat"":21.63781071442733,""lng"":87.26117535366643},{""lat"":21.637401828986558,""lng"":87.26075424728278},{""lat"":21.637808298297582,""lng"":87.26171903038991},{""lat"":21.637875682175366,""lng"":87.26329536132073},{""lat"":21.63796800641912,""lng"":87.26220557780535},{""lat"":21.637984247755014,""lng"":87.26168214227559}]",38
"169",65,"2018-10-08 05:38:37.000000",58,"Feed & Fodder",117,"Basta",2,"South Asia",99,"India",192,5,1.5,15,50,30,5,30,70,80,15,85,70,30,0,1,10,"DAH&VS,Odisha","Chandipur",NA,"Chandipur","Basta",21.7469,87.1622,21.7469005584717,87.1622009277344,NA,50
"170",65,"2018-10-08 05:38:37.000000",58,"Feed & Fodder",117,"Basta",2,"South Asia",99,"India",193,5,2,50,30,10,10,70,30,40,0,100,70,30,0,15,50,"DAH&VS,Odisha","Baitipada",NA,"Baitipada","Basta",21.7195,87.1698,21.7469005584717,87.1622009277344,NA,30
"171",65,"2018-10-08 05:38:37.000000",58,"Feed & Fodder",117,"Basta",2,"South Asia",99,"India",194,6,2,15,60,20,5,60,40,30,10,90,70,30,0,2,10,"DAH&VS,Odisha","Bhelora",NA,"Bhelora","Basta",21.75,87.1617,21.7469005584717,87.1622009277344,NA,60
"172",65,"2018-10-08 05:39:21.000000",59,"Feed And Fodder",119,"Attabira",2,"South Asia",99,"India",195,8,2.5,55,25,15,5,10,90,10,0,100,60,40,5,3,20,"DAH & VS","Mahukhand",NA,"Mahukhand","Attabira",21.415,83.882,21.4150009155273,83.8820037841797,NA,25
"173",65,"2018-10-08 05:39:21.000000",59,"Feed And Fodder",119,"Attabira",2,"South Asia",99,"India",196,8,2.5,60,25,10,5,20,80,50,0,100,60,40,1,5,10,"DAH & VS","Tamparsora",NA,"Tamparsora","Attabira",21.3889,83.7111,21.4150009155273,83.8820037841797,NA,25
"174",65,"2018-10-08 05:39:21.000000",59,"Feed And Fodder",119,"Attabira",2,"South Asia",99,"India",197,6,3,40,30,20,10,20,80,40,0,100,40,60,20,8,100,"DAH & VS","Jahnapada",NA,"Jahnapada","Attabira",21.3117,83.675,21.4150009155273,83.8820037841797,NA,30
"175",65,"2018-10-08 05:39:21.000000",59,"Feed And Fodder",119,"Attabira",2,"South Asia",99,"India",198,7,2,10,40,30,20,50,50,5,0,100,60,40,5,5,20,"DAH & VS","Hirlipali",NA,"Hirlipali","Attabira",21.3397,83.6877,21.4150009155273,83.8820037841797,NA,40
"176",65,"2018-10-08 05:39:21.000000",59,"Feed And Fodder",119,"Attabira",2,"South Asia",99,"India",199,5,2.5,10,45,30,15,40,60,15,0,100,40,60,5,7,50,"DAH & VS","Bugbuga",NA,"Bugbuga","Attabira",21.3861,83.8147,21.4150009155273,83.8820037841797,NA,45
"177",65,"2018-10-08 05:39:21.000000",59,"Feed And Fodder",119,"Attabira",2,"South Asia",99,"India",200,7,2.5,10,50,30,10,80,20,30,0,100,80,20,10,0,0,"DAH&VS","Janged",NA,"Janged","Attabira",21.3341,83.6334,21.4150009155273,83.8820037841797,NA,50
"178",65,"2018-10-08 05:39:21.000000",59,"Feed And Fodder",119,"Attabira",2,"South Asia",99,"India",201,8,4,10,20,60,10,80,20,10,0,100,20,80,10,1,10,"DAH&VS","Larambha",NA,"Larambha","Attabira",21.3839,83.8139,21.4150009155273,83.8820037841797,NA,20
"179",65,"2018-10-08 05:39:21.000000",59,"Feed And Fodder",119,"Attabira",2,"South Asia",99,"India",202,8,4,50,30,15,5,40,60,50,5,95,50,50,10,1,10,"DAH&VS","Pahadasrigida",NA,"Pahadasrigida","Attabira",21.2466,83.4961,21.4150009155273,83.8820037841797,NA,30
"180",65,"2018-10-08 05:39:21.000000",59,"Feed And Fodder",119,"Attabira",2,"South Asia",99,"India",203,8,2.5,10,50,25,15,20,80,10,0,100,50,50,5,7,50,"DAH&VS","Tope",NA,"Tope","Attabira",21.3908,83.8122,21.4150009155273,83.8820037841797,NA,50
"181",65,"2018-10-08 05:39:21.000000",59,"Feed And Fodder",119,"Attabira",2,"South Asia",99,"India",204,5,2,40,30,25,5,10,90,15,0,100,2,98,5,3,20,"DAH&VS,Odisha","Kumelsingha",NA,"Tamparsora","Attabira",21.3725,83.8847,21.4150009155273,83.8820037841797,NA,30
"182",65,"2018-10-08 05:40:23.000000",60,"Feed And Fodder",120,"Hatadihi",2,"South Asia",99,"India",205,5,2.5,27,40,30,3,10,90,70,30,70,60,40,0,5,25,"DAH & VS,Odisha","Orali",NA,"Orali","Hatadihi",21.1309,86.28,21.1308994293213,86.2799987792969,NA,40
"183",65,"2018-10-08 05:40:23.000000",60,"Feed And Fodder",120,"Hatadihi",2,"South Asia",99,"India",206,4,0.25,50,30,15,5,30,70,80,5,95,70,30,0,4,20,"DAH & VS,Odisha","Akarua",NA,"Akarua","Hatadihi",21.2014,86.2042,21.1308994293213,86.2799987792969,NA,30
"184",65,"2018-10-08 05:40:23.000000",60,"Feed And Fodder",120,"Hatadihi",2,"South Asia",99,"India",207,5,1.5,25,30,33,12,50,50,25,5,95,80,20,0,5,25,"DAH & VS,Odisha","Sivnarayanpur",NA,"Sivnarayanpur","Hatadihi",21.4889,85.0883,21.1308994293213,86.2799987792969,NA,30
"185",65,"2018-10-08 05:40:23.000000",60,"Feed And Fodder",121,"Ghasipura",2,"South Asia",99,"India",208,4,1.5,20,55,15,10,5,95,70,30,70,60,40,0,9,50,"DAH &VS,Odisha","Ulhola",NA,"Ulhola","Ghasipur",21.1042,86.1828,21.1042003631592,86.1828002929688,NA,55
"186",65,"2018-10-08 05:40:23.000000",60,"Feed And Fodder",121,"Ghasipura",2,"South Asia",99,"India",209,5,2,15,40,40,5,20,80,40,20,80,70,30,0,20,100,"DAH&VS,Odisha","Batto",NA,"Batto","Ghasipura",21.1311,86.1761,21.1042003631592,86.1828002929688,NA,40
"187",65,"2018-10-08 05:40:23.000000",60,"Feed And Fodder",121,"Ghasipura",2,"South Asia",99,"India",210,5,2.5,15,45,30,10,20,80,60,70,30,75,25,0,15,3,"DAH & VS,Odisha","Daradipal",NA,"Daradipal","Ghasipura",21.1477,86.0108,21.1042003631592,86.1828002929688,NA,45
"188",65,"2018-10-08 05:40:23.000000",60,"Feed And Fodder",122,"Sompatna",2,"South Asia",99,"India",211,5,2.5,2,56,35,7,20,80,35,10,90,80,20,5,1,10,"DAH &VS,Odisha","Tribindha",NA,"Tribindha","Sompatna",21.8042,85.8131,21.80419921875,85.813102722168,NA,56
"189",65,"2018-10-08 05:40:23.000000",60,"Feed And Fodder",122,"Sompatna",2,"South Asia",99,"India",212,8,3,20,35,35,10,30,70,20,25,75,50,50,5,6,30,"DAH &VS,Odisha","Tangarapada",NA,"Tangarapada","Sompatana",21.6544,85.8472,21.80419921875,85.813102722168,NA,35
"190",65,"2018-10-08 05:40:23.000000",60,"Feed And Fodder",122,"Sompatna",2,"South Asia",99,"India",213,5,2.5,20,53,20,7,30,70,10,0,100,70,30,10,2,10,"DAH &VS,Odisha","Kainda",NA,"Kainda","Sompatana",21.7902,85.798,21.80419921875,85.813102722168,NA,53
"191",73,"2019-03-08 08:08:18.000000",61,"Clip_Bu_Cibitoke",123,"Buhoro",1,"Sub-Saharan Africa",35,"Burundi",214,4,1.5,0,25,40,35,0,100,1,99,1,50,50,30,10,1500,NA,"SALLE DE LA ZONE",NA,"BUHORO",NA,-1.2833,29.1833,-1.2833000421524,29.1833000183105,NA,25
"192",73,"2019-03-08 08:08:18.000000",62,"Clip_Bu_Giheta",124,"Bihororo",1,"Sub-Saharan Africa",35,"Burundi",215,1,0.5,0,20,73,7,100,0,5,100,0,50,50,100,2,2000,"ISABU","Chez Mudage",NA,"Bihororo","Giheta",3.35,29.85,3.34999990463257,29.8500003814697,NA,93
"193",73,"2019-03-08 08:08:18.000000",63,"Clip_Drc_Kamanyola",125,"Kamanyola",1,"Sub-Saharan Africa",50,"Congo The Democratic Republic Of The",216,0.25,0.13,5,35,45,15,0,100,7,100,0,20,80,7,1,0,NA,"Hotel Laic",NA,"Kamanyola","Kamanyola",0,0,0,0,NA,80
"194",73,"2019-03-08 08:08:18.000000",64,"Clip_Drc_Miti",126,"Miti",1,"Sub-Saharan Africa",50,"Congo The Democratic Republic Of The",217,1,0.5,5,25,60,10,60,40,5,100,0,50,50,60,0,100,NA,"Groupement office",NA,"Miti","Miti",-1.6342,28.7944,-1.63419997692108,28.7943992614746,NA,85
"195",13,"2019-11-29 13:09:06.000000",65,"Rddp",127,"Kayonza",1,"Sub-Saharan Africa",178,"Rwanda",218,5,0.06,3,14,70,13,20,80,2,20,80,2,98,1,2,3000,NA,"Easternland Hotel",NA,"Rwamagana","Mukarange",0,0,0,0,NA,14
"196",13,"2019-11-29 13:09:06.000000",67,"Rddp",129,"Kayonza",1,"Sub-Saharan Africa",178,"Rwanda",219,1,0.06,1,29,50,20,20,80,2,30,70,50,50,30,3,2000,NA,"Eastland Hotel",NA,"Rwamagana","Mukarange",1.9019,30.498,1.90190005302429,30.4979991912842,NA,79
"197",13,"2019-11-29 13:09:06.000000",68,"The Mirror Feast",130,"Rutare",1,"Sub-Saharan Africa",178,"Rwanda",220,0.5,0.01,0,29,50,21,20,80,0,10,90,30,70,43,2,2000,"RAB,UR, DISTRICT","kabeza cell Head Office",NA,"Gatwaro","Rutare",-0.0981,30.498,-0.0980999991297722,30.4979991912842,NA,79
"198",13,"2019-11-29 13:09:06.000000",69,"Nyanza_Gasiza_A_Men",131,"Nyanza_gasiza_a_men",1,"Sub-Saharan Africa",178,"Rwanda",221,1,0.5,0,30,61,9,5,95,10,80,20,50,50,0,4,0,"RAB_CIAT","GASIZA_A",NA,"GASIZA_A","GISHIKE",0,0,0,0,NA,91
"199",13,"2019-11-29 13:09:06.000000",70,"Burera_Kagihanga_Men",132,"Burera_kagihanga_men",1,"Sub-Saharan Africa",178,"Rwanda",222,2,0.2,0,30,60,10,20,80,3,95,5,50,50,0,4,0,"RAB_CIAT","KAGIHANGA",NA,"KAGIHANGA","NYAMUGALI",0,0,0,0,NA,30
"200",13,"2019-11-29 13:09:06.000000",72,"Burera_Kagihanga_Women",134,"Burera_kagihanga_women",1,"Sub-Saharan Africa",178,"Rwanda",223,3,0.5,0,20,74,6,2,98,5,100,0,50,50,0,4,1500,"RAB_CIAT","KAGIHANGA",NA,"KAGIHANGA","NYAMUGARI",0,0,0,0,NA,20
"201",13,"2019-11-29 13:09:06.000000",73,"Nyagatare_Gitengure_Men",135,"Nyagatare_gitengure_men",1,"Sub-Saharan Africa",178,"Rwanda",224,25,2,0,50,38,12,20,80,1,95,5,50,50,NA,3,300,"RAB_CIAT","GITENGURE",NA,"GITENGURE","GITENGURE",0,0,0,0,NA,50
"202",13,"2019-11-29 13:09:06.000000",74,"Nyagatare_Kabeza_Men",136,"Nyagatare_kabeza_men",1,"Sub-Saharan Africa",178,"Rwanda",225,10,2,0,25,60,15,15,85,0,NA,NA,50,50,0,4,500,"RAB_CIAT","KABEZA",NA,"KABEZA","NYABITEKERI",0,0,0,0,NA,25
"203",13,"2019-11-29 13:09:06.000000",75,"Rwanda Dairy Development Project/Gicumbi",137,"Rutare",1,"Sub-Saharan Africa",178,"Rwanda",226,5,0,0,20,40,40,80,20,2,30,70,50,50,1,2,500,NA,"Gatwaro cell",NA,"Gatwaro","Rutare",1.7209,30.1806,1.72090005874634,30.1805992126465,NA,20
"204",13,"2019-11-29 13:09:06.000000",78,"Integration De L'agriculture A L'elevage",140,"Cunyu",1,"Sub-Saharan Africa",35,"Burundi",227,2,0,10,20,60,10,0,100,5,95,5,70,30,20,5,1500,"ISABU et DPAE","ECOFO CUNYU",NA,"CUNYU","BUGANDA",-2,29,-2,29,NA,20
"205",13,"2019-11-29 13:09:06.000000",79,"Rwanda Dairy Development Project- Rutsiro",141,"Remera-rutsiro",1,"Sub-Saharan Africa",178,"Rwanda",228,2,0,5,20,74,1,5,95,2,95,5,60,40,90,7,4000,"RDDP, RAB, UR, ILRI","REMERA",NA,"REMERA","BONEZA",1.9192,29.3017,1.91919994354248,29.301700592041,NA,20
"206",13,"2019-11-29 13:09:06.000000",80,"Rwanda Dairy Development Project",142,"Kayonza",1,"Sub-Saharan Africa",178,"Rwanda",229,NA,NA,NA,NA,NA,NA,NA,NA,NA,NA,NA,NA,NA,NA,NA,0,NA,NA,NA,NA,NA,0,0,0,0,NA,NA
"207",13,"2019-11-29 13:09:06.000000",82,"Rwanda Dairy Development Project/Rubavu",144,"Kanyundo",1,"Sub-Saharan Africa",178,"Rwanda",230,1,0.05,20,30,45,5,20,80,10,0,0,50,50,100,0,900,NA,"Kanyundo",NA,"KANYUNDO","MUDENDE",1.5858,2.5564,-2.54402041435242,29.7146034240723,"[{""lat"":-2.544020079406733,""lng"":29.71463091671465},{""lat"":-2.5439804218392514,""lng"":29.714560844004136},{""lat"":-2.544008892222828,""lng"":29.714545588940883},{""lat"":-2.544035687877538,""lng"":29.714521616697294},{""lat"":-2.5440684120697243,""lng"":29.714556150138637},{""lat"":-2.544085444056439,""lng"":29.714627396315716}]",75
"208",13,"2019-11-29 13:09:06.000000",83,"Rwanda Dairy Development Project (Rddp)",145,"Kayonza district",1,"Sub-Saharan Africa",178,"Rwanda",231,1,0.06,1,29,50,20,20,80,2,30,70,50,50,30,3,2000,NA,"Eastland Hotel",NA,"Rwamagana","Mukarange",-0.0981,30.498,-0.0980999991297722,30.4979991912842,NA,79
"209",13,"2019-11-29 13:09:06.000000",84,"Rwanda Dairy Development Project",146,"Rwamagana",1,"Sub-Saharan Africa",178,"Rwanda",232,NA,NA,NA,NA,NA,NA,NA,NA,NA,NA,NA,NA,NA,NA,NA,0,NA,NA,NA,NA,NA,0,0,0,0,NA,NA
"210",13,"2019-11-29 13:09:06.000000",84,"Rwanda Dairy Development Project",146,"Rwamagana",1,"Sub-Saharan Africa",178,"Rwanda",233,1,0.06,1,29,50,20,20,80,2,30,70,50,50,30,3,2000,NA,"Estland Hotel ",NA,"Rwamagana","Mukarange",-0.0981,30.498,0,0,NA,79
"211",13,"2019-11-29 13:09:06.000000",85,"Rwanda Dairy Development Project - Nyanza",147,"Rwotso",1,"Sub-Saharan Africa",178,"Rwanda",234,3,0,0,70,20,10,10,90,33,10,90,5,95,0,3,1000,"District, RAB","Rwotso",NA,"Rwotso","Kibirizi",-1.6109,29.8939,-1.61090004444122,29.8938999176025,NA,70
"212",13,"2019-11-29 13:09:06.000000",86,"Rwanda Dairy Development Project (Rddp)",148,"Kayonza district",1,"Sub-Saharan Africa",178,"Rwanda",236,1,0.06,1,29,50,20,20,80,2,30,70,50,50,30,3,2000,"SEND A COW","Eastland Hotel",NA,"Rwamagana","Mukarange",-0.0981,30.498,-0.0980999991297722,30.4979991912842,NA,79
"213",13,"2019-11-29 13:09:06.000000",87,"The Mirror Project",149,"Kinigi",1,"Sub-Saharan Africa",178,"Rwanda",237,1,0.06,1,29,50,20,20,80,2,20,80,50,50,10,11,2000,"ILRI, RDDP, RAB","Nyonirima",NA,"Nyonirima","Kinigi",-0.0981,30.498,-0.0980999991297722,30.4979991912842,NA,79
"214",13,"2019-11-29 13:09:06.000000",88,"Rddp/ Musanze",151,"Nyonirima",1,"Sub-Saharan Africa",178,"Rwanda",238,1.4,0.8,0,38,31,31,20,80,43,80,20,70,30,80,3,500,"RDDP, RAB, ILRI, UR, DISTRICT","Nyonirima",NA,"Nyonirima","Kinigi",-0.5642,29.5961,-0.564199984073639,29.5960998535156,NA,38
"215",13,"2019-11-29 13:09:06.000000",89,"Rddp",152,"East land hotel",1,"Sub-Saharan Africa",178,"Rwanda",239,2,0,0,20,60,20,10,90,33,90,10,40,60,5,1,500,NA,"EAST LAND HOTEL",NA,"RWAMAGANA","MUKARANGE",-0.0981,30.498,-0.0980999991297722,30.4979991912842,"[{""lat"":-0.09690910005163535,""lng"":30.49687266349793},{""lat"":-0.09723954778191267,""lng"":30.498149394982182},{""lat"":-0.09729104613234987,""lng"":30.49929738044739},{""lat"":-0.09793316602244934,""lng"":30.499286651627557},{""lat"":-0.09816839540722126,""lng"":30.498594641703274},{""lat"":-0.09902589635365901,""lng"":30.49794554710129},{""lat"":-0.09838042369736319,""lng"":30.49796164034926},{""lat"":-0.0979924427257238,""lng"":30.497634410848125},{""lat"":-0.0978387523621764,""lng"":30.4979884624299},{""lat"":-0.09750267205805059,""lng"":30.49739837644802},{""lat"":-0.09690910005163535,""lng"":30.49687266349793}]",20
"216",13,"2019-11-29 13:09:06.000000",90,"The Mirror Project",153,"Kinigi",1,"Sub-Saharan Africa",178,"Rwanda",240,1,0,0,21,62,17,20,80,45,NA,NA,45,55,13,0,400,"RAB","Nyonirima head office",NA,"Nyonirima","Kinigi",-0.4314,30.4858,-0.431400001049042,30.4857997894287,NA,83
"217",13,"2019-11-29 13:09:06.000000",93,"The Mirror Project",155,"Rwimiyaga",1,"Sub-Saharan Africa",178,"Rwanda",241,1,0.06,1,29,50,20,20,80,2,30,70,50,50,10,11,2000,"ILRI, RDDP, RAB","Gacundezi cell HQ",NA,"Gacundezi","Rwimiyaga",-0.0981,30.498,-0.0980999991297722,30.4979991912842,NA,79
"218",13,"2019-11-29 13:09:06.000000",94,"Rwanda Dairy Development Project 2019/Nyagatare",156,"Gacundezi",1,"Sub-Saharan Africa",178,"Rwanda",242,2.5,0.5,NA,70,25,5,24,76,50,90,10,50,50,2,4,1000,"RAB, ILRI and Distrirct ","Gacundezi",NA,"Bugaragara","Rwimiyaga",-0.6294,30.6795,-0.629400014877319,30.679500579834,NA,70
"219",13,"2020-04-07 16:21:48.000000",95,"Livestock Crp",157,"Chieng luong commune",3,"East Asia and Pacific",234,"Viet Nam",243,4,1,0,33,33,34,100,0,0,100,0,40,60,100,14,25000,"Agricuture Service Center (Mai Son, Son La)","Chieng Luong Low Altitude Female 2",NA,"Chieng Luong (Female 1) Kich, Y Luong","Mai Son",0,0,0,0,NA,33
"220",13,"2020-04-07 16:21:48.000000",95,"Livestock Crp",157,"Chieng luong commune",3,"East Asia and Pacific",234,"Viet Nam",244,2.5,0.4,0,17,17,67,70,30,5,80,20,50,50,40,8,17000,"Agriculture Service Center (Mai Son, Son La)","Chieng Luong Medium Altitude Female",NA,"Chieng Luong (Female 2) Oi, Keo Lom, Lu","Mai Son",0,0,0,0,NA,17
"221",13,"2020-04-07 16:21:48.000000",95,"Livestock Crp",157,"Chieng luong commune",3,"East Asia and Pacific",234,"Viet Nam",245,3,1,0,50,40,10,100,0,4,100,0,50,50,100,10,15000,"Agriculture Service Center (Mai Son, Son La)","Chieng Luong Medium Altitude Male",NA,"Chieng Luong (Male 1) Lu, Keo Lom, Buon Khoang, Lung Sang","Mai Son",0,0,0,0,NA,50
"222",13,"2020-04-07 16:21:48.000000",95,"Livestock Crp",157,"Chieng luong commune",3,"East Asia and Pacific",234,"Viet Nam",246,7,0.3,0,25,45,30,100,0,1,100,0,50,50,100,8,10000,"Agriculture Service Center (Mai Son, Son La)","Chieng Luong Low Altitude Male 2",NA,"Chieng Luong (Male 2) Mon 1, Y Luong, ","Mai Son",0,0,0,0,NA,25
"223",13,"2020-04-07 16:21:48.000000",95,"Livestock Crp",158,"Chieng chung commune",3,"East Asia and Pacific",234,"Viet Nam",248,2,1,0,20,60,20,70,30,1,100,0,50,50,100,1,5000,"Agricultural Service Center (Mai Son, Son La)","Chieng Chung Medium Altitude Female",NA,"Chieng Chung (Female 1 H&H) Nghiu, Ngoi, Nam","Mai Son",0,0,0,0,NA,20
"224",13,"2020-04-07 16:21:48.000000",95,"Livestock Crp",158,"Chieng chung commune",3,"East Asia and Pacific",234,"Viet Nam",249,2,0.8,0,16,33,51,85,5,2,90,10,50,50,60,20,30000,"Agricultural Service Center (Mai Son, Son La)","Chien Chung Low Altitude Female",NA,"Chieng Chung (Female 2 N&P) Ten, Khoa, Ham","Mai Son",0,0,0,0,NA,16
"225",13,"2020-04-07 16:21:48.000000",95,"Livestock Crp",158,"Chieng chung commune",3,"East Asia and Pacific",234,"Viet Nam",250,3,0.5,0,25,50,25,5,95,5,100,0,50,50,10,12,20000,"Agriculture Sevice Center (Mai Son, Son La)","Chieng Chung Medium Altitude Male",NA,"Chieng Chung (Male 2 D&H)Tam Xa, Nam, Ngoi","Mai Son",0,0,0,0,NA,25
"226",13,"2020-04-07 16:21:48.000000",95,"Livestock Crp",158,"Chieng chung commune",3,"East Asia and Pacific",234,"Viet Nam",251,1.5,0.6,0,15,70,15,NA,NA,NA,NA,NA,NA,NA,NA,NA,NA,"Agricultural Service Center (Mai Son, Son La)","Chieng Chung Low Altitude Male",NA,"Khoa, Ham villages (Low altitude)","Chieng Chung (Low) (Male 1 D&T)",0,0,0,0,NA,15
"227",77,"2020-04-17 13:19:34.000000",96,"Burkina Faso Legacy",159,"Yatenga",1,"Sub-Saharan Africa",34,"Burkina Faso",252,3.5,1.6,NA,60,30,10,NA,NA,NA,NA,NA,NA,NA,NA,NA,0,NA,"Yatenga",NA,"Thiou","Yatenga",0,0,0,0,NA,60
"228",77,"2020-04-17 13:19:34.000000",96,"Burkina Faso Legacy",160,"Ziga",1,"Sub-Saharan Africa",34,"Burkina Faso",253,5,2.5,0,20,60,20,NA,NA,NA,NA,NA,NA,NA,NA,NA,0,NA,"Yatenga",NA,"Ziga","Yatenga",0,0,0,0,NA,20
"229",77,"2020-04-17 13:19:34.000000",96,"Burkina Faso Legacy",161,"Mahon",1,"Sub-Saharan Africa",34,"Burkina Faso",254,10,5,2,50,29,19,NA,NA,NA,NA,NA,NA,NA,NA,NA,0,NA,"Kenedougou-Kangala",NA,"Mahon","Kangala",11.3167,4.5667,11.3166999816895,4.56669998168945,NA,50
"230",77,"2020-04-17 13:19:34.000000",96,"Burkina Faso Legacy",162,"Sayaga",1,"Sub-Saharan Africa",34,"Burkina Faso",255,10,5,0,50,30,20,NA,NA,NA,NA,NA,NA,NA,NA,NA,0,NA,"Kenedougou",NA,"Sayaga","Kangala",11.317,4.5667,11.3170003890991,4.56669998168945,NA,50
"231",77,"2020-04-17 13:19:34.000000",97,"Ghana Legacy",163,"Bonia",1,"Sub-Saharan Africa",81,"Ghana",256,10,6,2,28,50,20,NA,NA,NA,NA,NA,NA,NA,NA,NA,0,NA,"Kassena Nankana",NA,"Bonia","Kassena Nankana",0,0,0,0,NA,28
"232",77,"2020-04-17 13:19:34.000000",97,"Ghana Legacy",164,"Duko",1,"Sub-Saharan Africa",81,"Ghana",257,14,5,0,30,40,30,NA,NA,NA,NA,NA,NA,NA,NA,NA,0,NA,"Duko",NA,"Duko",NA,0,0,0,0,NA,30
"233",77,"2020-04-17 13:19:34.000000",97,"Ghana Legacy",165,"Zanlerigu",1,"Sub-Saharan Africa",81,"Ghana",258,10,5,0,50,30,20,NA,NA,NA,NA,NA,NA,NA,NA,NA,0,NA,"Zanlerigu",NA,"Zanlerigu",NA,0,0,0,0,NA,50
"234",77,"2020-04-17 13:19:34.000000",97,"Ghana Legacy",166,"Papu",1,"Sub-Saharan Africa",81,"Ghana",259,10,6,2,30,58,10,NA,NA,NA,NA,NA,NA,NA,NA,NA,0,NA,"Nandowli",NA,"Papu","Nandowli",0,0,0,0,NA,30
"235",77,"2020-04-17 13:19:34.000000",97,"Ghana Legacy",167,"Tibali",1,"Sub-Saharan Africa",81,"Ghana",260,10,6,2,28,50,20,NA,NA,NA,NA,NA,NA,NA,NA,NA,0,NA,"Savelugu",NA,"Tibali","Savelugu",0,0,0,0,NA,28
"236",77,"2020-04-17 13:19:34.000000",97,"Ghana Legacy",168,"Guo",1,"Sub-Saharan Africa",81,"Ghana",261,10,6,2,30,58,10,NA,NA,NA,NA,NA,NA,NA,NA,NA,0,NA,"Wa West",NA,"Guo","Wa West",0,0,0,0,NA,30
"237",77,"2020-04-17 13:19:34.000000",97,"Ghana Legacy",169,"Gia",1,"Sub-Saharan Africa",81,"Ghana",262,10,6,2,30,58,10,NA,NA,NA,NA,NA,NA,NA,NA,NA,0,NA,"Kassena Nankana",NA,"Gia","Kassena Nankana",0,0,0,0,NA,30
"238",77,"2020-04-17 13:19:34.000000",97,"Ghana Legacy",170,"Tingoli",1,"Sub-Saharan Africa",81,"Ghana",263,10,5,6,30,4,60,NA,NA,NA,NA,NA,NA,NA,NA,NA,0,NA,"Tolon",NA,"Tingoli","Tolon",0,0,0,0,NA,30
"239",77,"2020-04-17 13:19:34.000000",98,"Mali Legacy",171,"Dieba",1,"Sub-Saharan Africa",131,"Mali",264,12,7,0,33,33,33,NA,NA,NA,NA,NA,NA,NA,NA,NA,0,NA,"Danou",NA,"Dieba","Danou",11.52,-6.09,11.5200004577637,-6.09000015258789,NA,33
"240",77,"2020-04-17 13:19:34.000000",98,"Mali Legacy",172,"Nampossela",1,"Sub-Saharan Africa",131,"Mali",265,15,10,0,20,54,26,NA,NA,0,NA,NA,NA,NA,NA,NA,0,NA,"Sincina",NA,"Nampossela","Sincina",12.33,-4.66,12.3299999237061,-4.65999984741211,NA,20
"241",77,"2020-04-17 13:19:34.000000",98,"Mali Legacy",173,"Sibilira",1,"Sub-Saharan Africa",131,"Mali",266,15,10,0,42,25,33,NA,NA,NA,NA,NA,NA,NA,NA,NA,0,NA,"Faragouaran",NA,"Sibilira","Faragouaran",11.44,-6.24,11.4399995803833,-6.23999977111816,NA,42
"242",77,"2020-04-17 13:19:34.000000",98,"Mali Legacy",174,"Sirakele",1,"Sub-Saharan Africa",131,"Mali",267,30,20,0,20,54,26,NA,NA,NA,NA,NA,NA,NA,NA,NA,0,NA,"Songuoa",NA,"Sirakele","Songua",12.51,-4.52,12.5100002288818,-4.51999998092651,NA,20
"243",77,"2020-04-17 13:19:34.000000",98,"Mali Legacy",175,"Yorobougoula",1,"Sub-Saharan Africa",131,"Mali",268,7,6,0,40,40,20,NA,NA,NA,NA,NA,NA,NA,NA,NA,0,NA,"Gouanan",NA,"Yorobougoula","Gouanan",10.91,-8,10.9099998474121,-8,NA,40
"244",77,"2020-04-17 13:19:34.000000",98,"Mali Legacy",176,"Zanzoni",1,"Sub-Saharan Africa",131,"Mali",269,15,8,0,10,70,20,NA,NA,NA,NA,NA,NA,NA,NA,NA,0,NA,"Fakolo",NA,"Zanzoni","Fakolo",12.62,-4.43,12.6199998855591,-4.42999982833862,NA,10
"245",77,"2020-04-17 13:19:34.000000",99,"Niger Legacy",177,"Gourdjia",1,"Sub-Saharan Africa",155,"Niger",270,2,1,10,50,30,10,NA,NA,NA,NA,NA,NA,NA,NA,NA,0,NA,"Aguie",NA,"Gourdjia","Aguie",0,0,0,0,NA,50
"246",77,"2020-04-17 13:19:34.000000",99,"Niger Legacy",178,"Milli",1,"Sub-Saharan Africa",155,"Niger",271,3,1.5,10,50,30,10,NA,NA,NA,NA,NA,NA,NA,NA,NA,0,NA,"Aguie",NA,"Milli","Aguie",0,0,0,0,NA,50
"247",77,"2020-04-17 13:19:34.000000",100,"Nigeria Legacy",179,"Ife east",1,"Sub-Saharan Africa",156,"Nigeria",272,10,5,5,30,40,25,NA,NA,NA,NA,NA,NA,NA,NA,NA,0,NA,"Ife East",NA,"Ife East",NA,0,0,0,0,NA,30
"248",77,"2020-04-17 13:19:34.000000",100,"Nigeria Legacy",180,"Iwo",1,"Sub-Saharan Africa",156,"Nigeria",273,10,5,25,25,25,25,NA,NA,NA,NA,NA,NA,NA,NA,NA,0,NA,"Iwo",NA,"Iwo","Iwo",0,0,0,0,NA,25
"249",77,"2020-04-17 13:19:34.000000",100,"Nigeria Legacy",181,"Doka",1,"Sub-Saharan Africa",156,"Nigeria",274,5,3,5,45,40,10,NA,NA,NA,NA,NA,NA,NA,NA,NA,0,NA,"Tofa",NA,"Doka","Tofa",0,0,0,0,NA,45
"250",77,"2020-04-17 13:19:34.000000",100,"Nigeria Legacy",182,"Yanoko",1,"Sub-Saharan Africa",156,"Nigeria",275,4.5,1.5,7,43,30,20,NA,NA,NA,NA,NA,NA,NA,NA,NA,0,NA,"Tofa",NA,"Yanoko","Tofa",0,0,0,0,NA,43
"251",77,"2020-04-17 13:19:34.000000",100,"Nigeria Legacy",183,"Ishiyawa",1,"Sub-Saharan Africa",156,"Nigeria",276,20,10,30,15,25,30,NA,NA,NA,NA,NA,NA,NA,NA,NA,0,NA,"Ishiyawa",NA,"Ishiyawa",NA,0,0,0,0,NA,15
"252",77,"2020-04-17 13:19:34.000000",100,"Nigeria Legacy",184,"Yakubawa",1,"Sub-Saharan Africa",156,"Nigeria",277,10,5,10,40,20,30,NA,NA,NA,NA,NA,NA,NA,NA,NA,0,NA,"Katsina",NA,"Yakubawa",NA,0,0,0,0,NA,40
"253",77,"2020-04-17 13:19:34.000000",101,"Tanzania Legacy",185,"Manyinga",1,"Sub-Saharan Africa",211,"Tanzania",278,7,3,0,70,20,10,NA,NA,NA,NA,NA,NA,NA,NA,NA,0,NA,"Mvomero",NA,"Manyinga 1","Mvomero",0,0,0,0,NA,70
"254",77,"2020-04-17 13:19:34.000000",101,"Tanzania Legacy",186,"Wami sokoine",1,"Sub-Saharan Africa",211,"Tanzania",279,7,3,0,70,20,10,NA,NA,NA,NA,NA,NA,NA,NA,NA,0,NA,"Mvomero",NA,"Wami Sokoine 1","Mvomero",0,0,0,0,NA,70
"255",77,"2020-04-17 13:19:34.000000",101,"Tanzania Legacy",187,"Twatwatwa",1,"Sub-Saharan Africa",211,"Tanzania",280,7,4,NA,70,20,10,NA,NA,NA,NA,NA,NA,NA,NA,NA,0,NA,"Kilosa",NA,"Twatwatwa; Parakuyo","Kilosa",0,0,0,0,NA,70
"256",77,"2020-04-17 13:19:34.000000",101,"Tanzania Legacy",188,"Mbwade",1,"Sub-Saharan Africa",211,"Tanzania",281,7,4,0,70,20,10,NA,NA,NA,NA,NA,NA,NA,NA,NA,0,NA,"Kilosa",NA,"Mbwade 1","Madoto Ranch",0,0,0,0,NA,70
"257",77,"2020-04-17 13:19:34.000000",101,"Tanzania Legacy",185,"Manyinga",1,"Sub-Saharan Africa",211,"Tanzania",282,7,4,0,70,20,10,NA,NA,NA,NA,NA,NA,NA,NA,NA,0,NA,"Mvomero",NA,"Manyinga 2","Mvomero",0,0,0,0,NA,70
"258",77,"2020-04-17 13:19:34.000000",101,"Tanzania Legacy",186,"Wami sokoine",1,"Sub-Saharan Africa",211,"Tanzania",283,7,4,0,70,20,10,NA,NA,NA,NA,NA,NA,NA,NA,NA,0,NA,"Mvomero",NA,"Wami Sokoine 2","Mvomero",0,0,0,0,NA,70
"259",77,"2020-04-17 13:19:34.000000",101,"Tanzania Legacy",188,"Mbwade",1,"Sub-Saharan Africa",211,"Tanzania",284,7,4,0,70,20,10,NA,NA,NA,NA,NA,NA,NA,NA,NA,0,NA,"Kilosa",NA,"Mbwade 2","Madoto ranch",0,0,0,0,NA,70
"260",77,"2020-04-17 13:19:34.000000",101,"Tanzania Legacy",187,"Twatwatwa",1,"Sub-Saharan Africa",211,"Tanzania",285,7,4,0,70,20,10,NA,NA,NA,NA,NA,NA,NA,NA,NA,0,NA,"Kilosa",NA,"Twatwatwa","Kilosa",0,0,0,0,NA,70
"261",13,"2020-04-29 15:01:53.000000",102,"Crop Livestock Integration And Marketing (Eu Project In Malawi)",189,"Mtetemera",1,"Sub-Saharan Africa",128,"Malawi",286,0.5,0.25,0,30,50,20,0,0,17,100,0,44,56,60,7,200,"Government Extension Staff","Mtetemera",NA,"Mtetemera","Kadewere",0,0,0,0,NA,80
"262",13,"2020-04-29 15:01:53.000000",102,"Crop Livestock Integration And Marketing (Eu Project In Malawi)",191,"Mkusa",1,"Sub-Saharan Africa",128,"Malawi",287,0.4,0.1,5,70,15,10,40,60,20,100,0,NA,NA,0,3,500,"Ministry of Agriculture extension staff","Nkusa",NA,"Nkusa","Khwetemule",0.1789,0.1303,-15.3659420013428,35.341480255127,NA,85
"263",13,"2020-04-29 15:01:53.000000",102,"Crop Livestock Integration And Marketing (Eu Project In Malawi)",192,"Kadzuwa",1,"Sub-Saharan Africa",128,"Malawi",288,0.3,0.1,5,40,35,20,0,100,29,100,0,NA,NA,0,4,2000,"Ministry of Agriculture Extension staff","Kadzuwa",NA,"Kadzuwa","Nsabwe",0.2983,0.2044,-14.826376914978,35.5803756713867,"[{""lat"":-14.82634936534244,""lng"":35.58038941770792},{""lat"":-14.82599843797828,""lng"":35.57903146070071},{""lat"":-14.824195474327572,""lng"":35.57857473495066},{""lat"":-14.825462520046239,""lng"":35.577130960693104},{""lat"":-14.826231712153497,""lng"":35.57508635520935},{""lat"":-14.827858352090594,""lng"":35.577839042339505},{""lat"":-14.830480652282386,""lng"":35.57780225875437},{""lat"":-14.828020893957424,""lng"":35.578773985496},{""lat"":-14.827102158337489,""lng"":35.57917400895064}]",75
"264",13,"2020-04-29 15:01:53.000000",102,"Crop Livestock Integration And Marketing (Eu Project In Malawi)",190,"Chikwakwata",1,"Sub-Saharan Africa",128,"Malawi",289,0.75,0.25,NA,45,28,27,0,100,25,100,NA,50,50,0,7,3000,"SSLLP, ICRISAT","Chikwakwata",NA,"Chikwakwata","Kadewere",15.7358,35.2839,15.7357997894287,35.2839012145996,"[{""lat"":15.735812697860686,""lng"":35.28445643186568},{""lat"":15.735756675258068,""lng"":35.28387808054684},{""lat"":15.735907381182137,""lng"":35.283395953476415},{""lat"":15.735717191618125,""lng"":35.283691248116476},{""lat"":15.735557982076918,""lng"":35.2838417030868},{""lat"":15.735687921871925,""lng"":35.28405787217723}]",73
"265",13,"2020-04-29 15:01:53.000000",102,"Crop Livestock Integration And Marketing (Eu Project In Malawi)",194,"Utale",1,"Sub-Saharan Africa",128,"Malawi",290,5,3,0,30,60,10,NA,100,40,NA,NA,NA,NA,0,15,2000,"SSLLP, ICRISAT","Msoma",NA,"Msoma","Nkaya",15.1108,35.027,-12.3008670806885,33.9283676147461,NA,30
"266",13,"2020-04-29 15:01:53.000000",102,"Crop Livestock Integration And Marketing (Eu Project In Malawi)",193,"Phalula",1,"Sub-Saharan Africa",128,"Malawi",291,4,2,17,19,35,29,NA,100,40,NA,NA,NA,NA,0,5,700,"SSLLP, ICRISAT ","Chiwengana",NA,"Chiwengana","Phalula",15.2533,34.9217,-14.1041240692139,34.0048141479492,NA,19
