"","user_id","uploaded_at","project_id","project_title","project_description","project_partner_organization","site_id","site_name","site_major_region","site_world_region","site_world_region_id","site_world_region_name","site_country_id","site_country_name","site_community_type","site_grazing_metabolisable_energy","site_grazing_crude_protein_percentage","site_collected_fodder_metabolisable_energy","site_collected_fodder_crude_protein_percentage","venue_name","site_lat","site_lng","focus_group_count","site_country"
"1",10,"2016-04-27 00:21:27.000000",9,"Congo Legacy Data",NA,NA,13,"Cirunga_test","","Sub-Saharan Africa",1,"Sub-Saharan Africa",50,"Congo The Democratic Republic Of The","Village",9,8,10,8,"Cirunga1",0,0,1,"Congo The Democratic Republic Of The"
"2",10,"2016-04-27 00:21:27.000000",9,"Congo Legacy Data",NA,NA,14,"Kamanyola",NA,"Sub-Saharan Africa",1,"Sub-Saharan Africa",50,"Congo The Democratic Republic Of The","Village",9,8,10,8,"Kamanyola",0,0,1,"Congo The Democratic Republic Of The"
"3",10,"2016-04-27 00:21:27.000000",9,"Congo Legacy Data",NA,NA,15,"Muhongoza","Unspecified","Sub-Saharan Africa",1,"Sub-Saharan Africa",50,"Congo The Democratic Republic Of The","Village",9,8,10,8,"Muhongoza",0,0,1,"Congo The Democratic Republic Of The"
"4",10,"2016-04-27 00:21:27.000000",9,"Congo Legacy Data",NA,NA,16,"Tubimbi","","Sub-Saharan Africa",1,"Sub-Saharan Africa",50,"Congo The Democratic Republic Of The","Village",9,8,10,8,"Tubimbi",0,0,1,"Congo The Democratic Republic Of The"
"5",10,"2016-04-27 00:21:27.000000",10,"India Legacy Data",NA,NA,17,"Bijapur and raichur","Unspecified","South Asia",2,"South Asia",99,"India","Village",9,8,10,8,"Bijapur And Raichur",0,0,1,"India"
"6",10,"2016-04-27 00:21:27.000000",10,"India Legacy Data",NA,NA,18,"Chikmagalur","Unspecified","South Asia",2,"South Asia",99,"India","Village",9,8,10,8,"Chikmagalur",0,0,1,"India"
"7",10,"2016-04-27 00:21:27.000000",10,"India Legacy Data",NA,NA,19,"Tumkur","Unspecified","South Asia",2,"South Asia",99,"India","Village",9,8,10,8,"Tumkur",0,0,1,"India"
"8",10,"2016-04-27 00:21:27.000000",11,"Zimbabwe Legacy Data",NA,NA,20,"Goromonzi - mwanza","Unspecified","Sub-Saharan Africa",1,"Sub-Saharan Africa",241,"Zimbabwe","Village",9,8,10,8,"Goromonzi",-17.8535404205322,31.3761959075928,1,"Zimbabwe"
"9",10,"2016-04-27 00:21:27.000000",11,"Zimbabwe Legacy Data",NA,NA,21,"Goromonzi - chikwaka","Unspecified","Sub-Saharan Africa",1,"Sub-Saharan Africa",241,"Zimbabwe","Village",9,8,10,8,"Goromonzi",0,0,1,"Zimbabwe"
"10",10,"2016-04-27 00:21:27.000000",12,"Kenya Legacy Data",NA,NA,22,"Cherangany dairy group","Unspecified","Sub-Saharan Africa",1,"Sub-Saharan Africa",110,"Kenya","Village",9,8,10,8,"Cherangany Dairy Group",0,0,1,"Kenya"
"11",10,"2016-04-27 00:21:27.000000",12,"Kenya Legacy Data",NA,NA,23,"Metkei","Unspecified","Sub-Saharan Africa",1,"Sub-Saharan Africa",110,"Kenya","Village",9,8,10,8,"Metkei",0,0,1,"Kenya"
"12",10,"2016-04-27 00:21:27.000000",12,"Kenya Legacy Data",NA,NA,24,"Chepkorio dairy ltd","Unspecified","Sub-Saharan Africa",1,"Sub-Saharan Africa",110,"Kenya","Village",9,8,10,8,"Chepkorio Dairy Ltd",0,0,1,"Kenya"
"13",10,"2016-04-27 00:21:27.000000",12,"Kenya Legacy Data",NA,NA,25,"Siongiroi (high rain)","Unspecified","Sub-Saharan Africa",1,"Sub-Saharan Africa",110,"Kenya","Village",9,8,10,8,"Siongiroi (High Rain)",0,0,1,"Kenya"
"14",10,"2016-04-27 00:21:27.000000",12,"Kenya Legacy Data",NA,NA,26,"Siongiroi (low rainfall)","Unspecified","Sub-Saharan Africa",1,"Sub-Saharan Africa",110,"Kenya","Village",9,8,10,8,"Siongiroi (Low Rainfall)",0,0,1,"Kenya"
"15",10,"2016-04-27 00:21:27.000000",12,"Kenya Legacy Data",NA,NA,27,"Kipkelion (lower dry zone)","Unspecified","Sub-Saharan Africa",1,"Sub-Saharan Africa",110,"Kenya","Village",9,8,10,8,"Kipkelion (Lower Dry Zone)",0,0,1,"Kenya"
"16",10,"2016-04-27 00:21:27.000000",12,"Kenya Legacy Data",NA,NA,28,"Kipkelion (upper wet zone)","Unspecified","Sub-Saharan Africa",1,"Sub-Saharan Africa",110,"Kenya","Village",9,8,10,8,"Kipkelion (Upper Wet Zone)",0,0,1,"Kenya"
"17",10,"2016-04-27 00:21:27.000000",12,"Kenya Legacy Data",NA,NA,29,"Olchobasei (pra two)","Unspecified","Sub-Saharan Africa",1,"Sub-Saharan Africa",110,"Kenya","Village",9,8,10,8,"Olchobasei (Pra Two)",0,0,1,"Kenya"
"18",10,"2016-04-27 00:21:27.000000",12,"Kenya Legacy Data",NA,NA,31,"Olkalou (upper)","Unspecified","Sub-Saharan Africa",1,"Sub-Saharan Africa",110,"Kenya","Village",9,8,10,8,"Olkalou (Upper)",0,0,1,"Kenya"
"19",10,"2016-04-27 00:21:27.000000",12,"Kenya Legacy Data",NA,NA,32,"Lelan","Unspecified","Sub-Saharan Africa",1,"Sub-Saharan Africa",110,"Kenya","Village",9,8,10,8,"Lelan",0,0,1,"Kenya"
"20",10,"2016-04-27 00:21:27.000000",12,"Kenya Legacy Data",NA,NA,33,"Kipkelion (rural)","Unspecified","Sub-Saharan Africa",1,"Sub-Saharan Africa",110,"Kenya","Village",9,8,10,8,"Kipkelion (Rural)",0,0,1,"Kenya"
"21",10,"2016-04-27 00:21:27.000000",12,"Kenya Legacy Data",NA,NA,34,"Kipkelion (urban)","Unspecified","Sub-Saharan Africa",1,"Sub-Saharan Africa",110,"Kenya","Village",9,8,10,8,"Kipkelion (Urban)",0,0,1,"Kenya"
"22",10,"2016-04-27 00:21:27.000000",12,"Kenya Legacy Data",NA,NA,35,"Olkalou (lower upper)","Unspecified","Sub-Saharan Africa",1,"Sub-Saharan Africa",110,"Kenya","Village",9,8,10,8,"Olkalou (Lower Upper)",0,0,1,"Kenya"
"23",10,"2016-04-27 00:21:27.000000",12,"Kenya Legacy Data",NA,NA,40,"Sirikwa","Unspecified","Sub-Saharan Africa",1,"Sub-Saharan Africa",110,"Kenya","Village",9,8,10,8,"Sirikwa",0,0,1,"Kenya"
"24",10,"2016-04-27 00:21:27.000000",12,"Kenya Legacy Data",NA,NA,41,"Tegat","Unspecified","Sub-Saharan Africa",1,"Sub-Saharan Africa",110,"Kenya","Village",9,8,10,8,"Tegat",0,0,1,"Kenya"
"25",10,"2016-04-27 00:21:27.000000",12,"Kenya Legacy Data",NA,NA,64,"Cheboru 2015","Unspecified","Sub-Saharan Africa",1,"Sub-Saharan Africa",110,"Kenya","Village",9,8,10,8,"Cheboru 2015",0,0,1,"Kenya"
"26",10,"2016-04-27 00:21:27.000000",12,"Kenya Legacy Data",NA,NA,65,"Kapcheno","Unspecified","Sub-Saharan Africa",1,"Sub-Saharan Africa",110,"Kenya","Village",9,8,10,8,"Kapcheno",0,0,1,"Kenya"
"27",10,"2016-04-27 00:21:27.000000",12,"Kenya Legacy Data",NA,NA,66,"Sirikwa 2","Unspecified","Sub-Saharan Africa",1,"Sub-Saharan Africa",110,"Kenya","Village",9,8,10,8,"Sirikwa 2",0,0,1,"Kenya"
"28",10,"2016-04-27 00:21:27.000000",12,"Kenya Legacy Data",NA,NA,67,"Lelchego 2015","Unspecified","Sub-Saharan Africa",1,"Sub-Saharan Africa",110,"Kenya","Village",9,8,10,8,"Lelchego",0,0,1,"Kenya"
"29",10,"2016-04-27 00:21:27.000000",12,"Kenya Legacy Data",NA,NA,68,"Kokiche 2015","Unspecified","Sub-Saharan Africa",1,"Sub-Saharan Africa",110,"Kenya","Village",9,8,10,8,"Kokiche",0,0,1,"Kenya"
"30",10,"2016-04-27 00:21:27.000000",12,"Kenya Legacy Data",NA,NA,69,"Lessos 2015","Unspecified","Sub-Saharan Africa",1,"Sub-Saharan Africa",110,"Kenya","Village",9,8,10,8,"Lessos",0,0,1,"Kenya"
"31",10,"2016-04-27 00:21:27.000000",12,"Kenya Legacy Data",NA,NA,70,"Sot 2015","Unspecified","Sub-Saharan Africa",1,"Sub-Saharan Africa",110,"Kenya","Village",9,8,10,8,"Sot",0,0,1,"Kenya"
"32",10,"2016-04-27 00:21:27.000000",12,"Kenya Legacy Data",NA,NA,71,"Tarakwo 2015","Unspecified","Sub-Saharan Africa",1,"Sub-Saharan Africa",110,"Kenya","Village",9,8,10,8,"Tarakwo",0,0,1,"Kenya"
"33",10,"2016-04-27 00:21:27.000000",12,"Kenya Legacy Data",NA,NA,72,"Cherobu","Unspecified","Sub-Saharan Africa",1,"Sub-Saharan Africa",110,"Kenya","Village",9,8,10,8,"Cherobu",0,0,1,"Kenya"
"34",10,"2016-04-27 00:21:27.000000",13,"Nigeria Legacy Data",NA,NA,30,"Ibarapa east","Unspecified","Sub-Saharan Africa",1,"Sub-Saharan Africa",156,"Nigeria","Village",9,8,10,8,"Ibarapa East",0,0,1,"Nigeria"
"35",10,"2016-04-27 00:21:27.000000",13,"Nigeria Legacy Data",NA,NA,42,"Ogo oluwa","Unspecified","Sub-Saharan Africa",1,"Sub-Saharan Africa",156,"Nigeria","Village",9,8,10,8,"Ogo Oluwa",0,0,1,"Nigeria"
"36",10,"2016-04-27 00:21:27.000000",13,"Nigeria Legacy Data",NA,NA,43,"Atakumosa (east)","Unspecified","Sub-Saharan Africa",1,"Sub-Saharan Africa",156,"Nigeria","Village",9,8,10,8,"Atakumosa",0,0,1,"Nigeria"
"37",10,"2016-04-27 00:21:27.000000",13,"Nigeria Legacy Data",NA,NA,44,"Iddo","Unspecified","Sub-Saharan Africa",1,"Sub-Saharan Africa",156,"Nigeria","Village",9,8,10,8,"Iddo",0,0,1,"Nigeria"
"38",10,"2016-04-27 00:21:27.000000",13,"Nigeria Legacy Data",NA,NA,45,"Ayedire","Unspecified","Sub-Saharan Africa",1,"Sub-Saharan Africa",156,"Nigeria","Village",9,8,10,8,"Ayedire",0,0,1,"Nigeria"
"39",10,"2016-04-27 00:21:27.000000",13,"Nigeria Legacy Data",NA,NA,46,"Ife (east)","Unspecified","Sub-Saharan Africa",1,"Sub-Saharan Africa",156,"Nigeria","Village",9,8,10,8,"Ife (East)",0,0,1,"Nigeria"
"40",10,"2016-04-27 00:21:27.000000",13,"Nigeria Legacy Data",NA,NA,47,"Oriire","Unspecified","Sub-Saharan Africa",1,"Sub-Saharan Africa",156,"Nigeria","Village",9,8,10,8,"Oriire",0,0,1,"Nigeria"
"41",10,"2016-04-27 00:21:27.000000",13,"Nigeria Legacy Data",NA,NA,73,"Atakumosa west","Unspecified","Sub-Saharan Africa",1,"Sub-Saharan Africa",156,"Nigeria",NA,9,8,10,8,"Atakuma (West)",0,0,1,"Nigeria"
"42",10,"2016-04-27 00:21:27.000000",13,"Nigeria Legacy Data",NA,NA,74,"Iwo","Unspecified","Sub-Saharan Africa",1,"Sub-Saharan Africa",156,"Nigeria",NA,9,8,10,8,"Town Hall",0,0,1,"Nigeria"
"43",10,"2016-04-27 00:21:27.000000",14,"Tanzania Legacy Data",NA,NA,36,"Manyinga 2","Unspecified","Sub-Saharan Africa",1,"Sub-Saharan Africa",211,"Tanzania","Village",9,8,10,8,"Manyinga 2",0,0,1,"Tanzania"
"44",10,"2016-04-27 00:21:27.000000",14,"Tanzania Legacy Data",NA,NA,37,"Wami sokoine 2","Unspecified","Sub-Saharan Africa",1,"Sub-Saharan Africa",211,"Tanzania",NA,9,8,10,8,"Wami Sokoine 2",0,0,1,"Tanzania"
"45",10,"2016-04-27 00:21:27.000000",14,"Tanzania Legacy Data",NA,NA,38,"Tanga grp 2","","Sub-Saharan Africa",1,"Sub-Saharan Africa",211,"Tanzania",NA,9,8,10,8,"Tanga Grp 2",0,0,1,"Tanzania"
"46",10,"2016-04-27 00:21:27.000000",14,"Tanzania Legacy Data",NA,NA,39,"Wami sokoine 1","Unspecified","Sub-Saharan Africa",1,"Sub-Saharan Africa",211,"Tanzania",NA,9,8,10,8,"Wami Sokoine 1",0,0,1,"Tanzania"
"47",10,"2016-04-27 00:21:27.000000",14,"Tanzania Legacy Data",NA,NA,48,"Seloto village","Unspecified","Sub-Saharan Africa",1,"Sub-Saharan Africa",211,"Tanzania","Village",9,8,10,8,"Seloto Village",0,0,1,"Tanzania"
"48",10,"2016-04-27 00:21:27.000000",14,"Tanzania Legacy Data",NA,NA,49,"Kilosa parakuyo 1","Unspecified","Sub-Saharan Africa",1,"Sub-Saharan Africa",211,"Tanzania","Village",9,8,10,8,"Kilosa Parakuyo 1",0,0,1,"Tanzania"
"49",10,"2016-04-27 00:21:27.000000",14,"Tanzania Legacy Data",NA,NA,50,"Manyinga 1","Unspecified","Sub-Saharan Africa",1,"Sub-Saharan Africa",211,"Tanzania",NA,9,8,10,8,"Manyinga 1",0,0,1,"Tanzania"
"50",10,"2016-04-27 00:21:27.000000",14,"Tanzania Legacy Data",NA,NA,51,"Seloto grp 2","Unspecified","Sub-Saharan Africa",1,"Sub-Saharan Africa",211,"Tanzania","Village",9,8,10,8,"Seloto Grp 2",0,0,1,"Tanzania"
"51",10,"2016-04-27 00:21:27.000000",14,"Tanzania Legacy Data",NA,NA,52,"Pemba mkoani","Unspecified","Sub-Saharan Africa",1,"Sub-Saharan Africa",211,"Tanzania","Village",9,8,10,8,"Pemba Mkoani",0,0,1,"Tanzania"
"52",10,"2016-04-27 00:21:27.000000",14,"Tanzania Legacy Data",NA,NA,53,"Seloto grp 1","Unspecified","Sub-Saharan Africa",1,"Sub-Saharan Africa",211,"Tanzania","Village",9,8,10,8,"Seloto Grp 1",0,0,1,"Tanzania"
"53",10,"2016-04-27 00:21:27.000000",14,"Tanzania Legacy Data",NA,NA,54,"Sabilo grp 2","Unspecified","Sub-Saharan Africa",1,"Sub-Saharan Africa",211,"Tanzania","Village",9,8,10,8,"Sabilo Grp 2",0,0,1,"Tanzania"
"54",10,"2016-04-27 00:21:27.000000",14,"Tanzania Legacy Data",NA,NA,55,"Sabilo grp 1","Unspecified","Sub-Saharan Africa",1,"Sub-Saharan Africa",211,"Tanzania","Village",9,8,10,8,"Sabilo Grp 1",0,0,1,"Tanzania"
"55",10,"2016-04-27 00:21:27.000000",14,"Tanzania Legacy Data",NA,NA,56,"Pemba chake chake mkoani","Unspecified","Sub-Saharan Africa",1,"Sub-Saharan Africa",211,"Tanzania","Village",9,8,10,8,"Pemba Chake Chake Mkoani",0,0,1,"Tanzania"
"56",10,"2016-04-27 00:21:27.000000",14,"Tanzania Legacy Data",NA,NA,57,"Long grp 1","Unspecified","Sub-Saharan Africa",1,"Sub-Saharan Africa",211,"Tanzania","Village",9,8,10,8,"Long Grp 1",0,0,1,"Tanzania"
"57",10,"2016-04-27 00:21:27.000000",14,"Tanzania Legacy Data",NA,NA,58,"Pemba1","Unspecified","Sub-Saharan Africa",1,"Sub-Saharan Africa",211,"Tanzania","Village",9,8,10,8,"Pemba 1",0,0,1,"Tanzania"
"58",10,"2016-04-27 00:21:27.000000",14,"Tanzania Legacy Data",NA,NA,59,"Long grp 2","Unspecified","Sub-Saharan Africa",1,"Sub-Saharan Africa",211,"Tanzania",NA,9,8,10,8,"Long Grp 2",0,0,1,"Tanzania"
"59",10,"2016-04-27 00:21:27.000000",14,"Tanzania Legacy Data",NA,NA,60,"Kilosa day - mbwade gp2","Unspecified","Sub-Saharan Africa",1,"Sub-Saharan Africa",211,"Tanzania",NA,9,8,10,8,"Kilosa Day - Mbwade Gp2",0,0,1,"Tanzania"
"60",10,"2016-04-27 00:21:27.000000",14,"Tanzania Legacy Data",NA,NA,61,"Kilosa day - mbwade gp1","Unspecified","Sub-Saharan Africa",1,"Sub-Saharan Africa",211,"Tanzania",NA,9,8,10,8,"Kilosa Day - Mbwade Gp1",0,0,1,"Tanzania"
"61",10,"2016-04-27 00:21:27.000000",14,"Tanzania Legacy Data",NA,NA,62,"Long village","Unspecified","Sub-Saharan Africa",1,"Sub-Saharan Africa",211,"Tanzania","Village",9,8,10,8,"Long Village",0,0,1,"Tanzania"
"62",10,"2016-04-27 00:21:27.000000",14,"Tanzania Legacy Data",NA,NA,63,"Sabilo village","Unspecified","Sub-Saharan Africa",1,"Sub-Saharan Africa",211,"Tanzania","Village",9,8,10,8,"Sabilo Village",-4.34820604324341,35.4789810180664,1,"Tanzania"
"63",13,"2016-09-01 10:33:43.000000",15,"Ftf Avcd Project","accelerated value chain development projevt in kenya","ilri",75,"Name of sub county","Nyanza","Sub-Saharan Africa",1,"Sub-Saharan Africa",110,"Kenya","Village",9,8,10,8,"Unspecified",0,0,1,"Kenya"
"64",13,"2016-09-01 10:33:43.000000",17,"Ftf Avcd Project-Siaya County ,Alego Usonga Sub County","assessment of feed resources for livestock ,availability ,quantity ,quality and utility.","livestock department,ILRI,USAID",77,"Alego usonga sub county","Nyanza","Sub-Saharan Africa",1,"Sub-Saharan Africa",110,"Kenya","ward",9,8,10,8,"Sam Malaanga Dairy, Alego Usonga",0,0,1,"Kenya"
"65",25,"2017-06-12 11:46:56.000000",18,"Feast assessment in Luanda Sub County","Feed the future Kenya Inniatiative Acccelerated Dairy Value Chain","Send A Cow, WHH, ICIPE,County Government",78,"Luanda south,wemilabi, luanda township, mwibona and emabungo","Western","Sub-Saharan Africa",1,"Sub-Saharan Africa",110,"Kenya","Village",9,8,10,8,"Luanda Sub County1",0.703107357025146,38.49609375,1,"Kenya"
"66",25,"2017-06-12 11:51:43.000000",19,"Ftfavcd","Accellerared value chain development in kenya","ILRI,Heifer,Send A cow county govt.",79,"Kisumu west","Nyanza","Sub-Saharan Africa",1,"Sub-Saharan Africa",110,"Kenya","Village",9,8,10,8,"Unspecified",0,0,2,"Kenya"
"67",25,"2017-06-12 11:51:43.000000",19,"Ftfavcd","Accellerared value chain development in kenya","ILRI,Heifer,Send A cow county govt.",79,"Kisumu west","Nyanza","Sub-Saharan Africa",1,"Sub-Saharan Africa",110,"Kenya","Village",9,8,10,8,"Unspecified",0,0,2,"Kenya"
"68",25,"2017-06-12 11:51:43.000000",20,"Ftfavcd-Dairy",NA,"SAC,GIZ,ILRI,CGS",80,"Sega_test","Kenya","Sub-Saharan Africa",1,"Sub-Saharan Africa",110,"Kenya","WARD",9,8,10,8,"Sega",0,0,3,"Kenya"
"69",25,"2017-06-12 11:51:43.000000",20,"Ftfavcd-Dairy",NA,"SAC,GIZ,ILRI,CGS",80,"Sega_test","Kenya","Sub-Saharan Africa",1,"Sub-Saharan Africa",110,"Kenya","WARD",9,8,10,8,"Unspecified",0,0,3,"Kenya"
"70",25,"2017-06-12 11:51:43.000000",20,"Ftfavcd-Dairy",NA,"SAC,GIZ,ILRI,CGS",80,"Sega_test","Kenya","Sub-Saharan Africa",1,"Sub-Saharan Africa",110,"Kenya","WARD",9,8,10,8,"Unspecified",0,0,3,"Kenya"
"71",25,"2017-06-12 11:55:34.000000",21,"Baseline Line Data Collection Using Feast Tool In Rangwe Sub County","Rangwe sub county baseline data collection.","Rangwe Dairy Coop",81,"Rangwe","State","Sub-Saharan Africa",1,"Sub-Saharan Africa",110,"Kenya","Orero",9,8,10,8,"Orero",0,0,1,"Kenya"
"72",25,"2017-06-12 11:56:13.000000",22,"Avcd Dairy","Focus group interview ","directorate of Livestock Production and Veterinery Services",82,"Obwolo chiefs camp","Nyanza Province","Sub-Saharan Africa",1,"Sub-Saharan Africa",110,"Kenya","Village",9,8,10,8,"Obwolo Chiefs Camp",0,0,1,"Kenya"
"73",25,"2017-06-12 11:56:25.000000",23,"Ftf Avcd Project","ACCELERATED VALUE CHAIN DEVELOPMENT PROJECT IN KENYA","ILRI,SAC, HPI, COUNTY GOVERNMENTS, FIPS",83,"Kisumu west","Nyanza","Sub-Saharan Africa",1,"Sub-Saharan Africa",110,"Kenya","Village",9,8,10,8,"Nyahera",0,0,1,"Kenya"
"74",25,"2017-06-12 11:56:25.000000",24,"Ftf Avcd Project","ACCELERATED DAIRY VALUE CHAIN DEVELOPMENT  PROJECT INKENYA ","DEPARTMENT OF AGRICULTURE, LIVESTOCK AND FISHERIES, ILRI ",84,"Wagai resource centre","Siaya","Sub-Saharan Africa",1,"Sub-Saharan Africa",110,"Kenya","Ward",9,8,10,8,"Wagai Resource Centre",0,0,1,"Kenya"
"75",25,"2017-06-12 11:56:37.000000",25,"Ftf Avcd Project","Accelerated value cchain","ILRI,HEIFER,FIPS",85,"Kisumu west","Nyanza","Sub-Saharan Africa",1,"Sub-Saharan Africa",110,"Kenya","Village",9,8,10,8,"Unspecified",0,0,1,"Kenya"
"76",25,"2017-06-12 11:56:37.000000",26,"Avcd Dairy","MUHORONI","DIRECTORATES OF VETERINARY SERVICES AND LIVESTOCK PRODUCTION",86,"Oseng teti primary school","Nyanza","Sub-Saharan Africa",1,"Sub-Saharan Africa",110,"Kenya","Village",9,8,10,8,"Oseng Teti Primary School",0,0,1,"Kenya"
"77",25,"2017-06-12 11:56:53.000000",27,"Avcd Dairy Project","Kisumu West ","Directorate of Livestock Production ",87,"Wachara youth polytechnic","Nyanza Province","Sub-Saharan Africa",1,"Sub-Saharan Africa",110,"Kenya","Village",9,8,10,8,"Wachara Youth Polytecnic",0,0,1,"Kenya"
"78",25,"2017-06-12 11:57:03.000000",28,"Feast Avcd Kasipul","Feed the future accelarating dairy value chain development","MOALF,FIPS AFRICA,HPI,ILRI",88,"Kasipul livestock office","Nyanza","Sub-Saharan Africa",1,"Sub-Saharan Africa",110,"Kenya","Village",9,8,10,8,"Kasipul Sub County Office",0,0,1,"Kenya"
"79",25,"2017-06-12 11:57:16.000000",29,"Feast Avcd Kabondo Kasipul","Accelerated Dairy Value Chain Development ","County Government of Homabay, ILRI, FIPS Africa, HPI",89,"Kabondo east - kadongo","Kenya","Sub-Saharan Africa",1,"Sub-Saharan Africa",110,"Kenya","Village",9,8,10,8,"Kadongo",0,0,1,"Kenya"
"80",25,"2017-06-12 11:57:43.000000",30,"Assessing Livestock Feed Situation In Bukira East Ward,Kuria West Sub-County",NA,"Livestock production",90,"Kehancha multi purpose hall","Nyanza","Sub-Saharan Africa",1,"Sub-Saharan Africa",110,"Kenya","Village",9,8,10,8,"Kehancha Multipurpose Hall",0,0,1,"Kenya"
"81",25,"2017-06-12 11:57:55.000000",31,"Ftf Kenya Avcd Project","Feed the Future Kenya Initiative is an accelerated dairy value chain project that includes breeding,Animal Health,Feeds and Feeding","GIZ,US AID KAVES,FIPSA",91,"Ugunja subcounty","Kenya","Sub-Saharan Africa",1,"Sub-Saharan Africa",110,"Kenya","wards",9,8,10,8,"Unspecified",0,0,2,"Kenya"
"82",25,"2017-06-12 11:57:55.000000",31,"Ftf Kenya Avcd Project","Feed the Future Kenya Initiative is an accelerated dairy value chain project that includes breeding,Animal Health,Feeds and Feeding","GIZ,US AID KAVES,FIPSA",91,"Ugunja subcounty","Kenya","Sub-Saharan Africa",1,"Sub-Saharan Africa",110,"Kenya","wards",9,8,10,8,"Unspecified",0,0,2,"Kenya"
"83",25,"2017-06-12 11:57:55.000000",32,"Feed The Future Kenya Dairy Value Chain","Feed the future kenya initiative is an accelerated dairy value chain that deals with breeding,animal health and feeding","GIZ,SEND A COW,FIPSA,USAID CAVES",92,"Ugunja subcounty","Kenya","Sub-Saharan Africa",1,"Sub-Saharan Africa",110,"Kenya","wards",9,8,10,8,"Ugunja Town",0,0,1,"Kenya"
"84",25,"2017-06-12 11:59:01.000000",33,"Ftf Avcd Project"," Accelerated  Value  Chain   Development Project in Kenya","ILRI, Heifer International, Send a cow, County Goeverntments",93,"Kisumu  west","Nyanza  Province","Sub-Saharan Africa",1,"Sub-Saharan Africa",110,"Kenya","Village",9,8,10,8,"Nyahera",0,0,1,"Kenya"
"85",25,"2017-06-12 11:59:01.000000",34,"Accelerated Value Chain Development Project","Accelerated Value chain development project,dairy value chain","ILRIi,heifer International,USAID",94,"Awendo","Nyanza Province","Sub-Saharan Africa",1,"Sub-Saharan Africa",110,"Kenya","ward",9,8,10,8,"Awendo Sub County Headquarters",0,0,1,"Kenya"
"86",25,"2017-06-16 09:03:54.000000",35,"Feast Dairy Voi","AVCD DAIRY","ILRI",95,"Mwololo","Coast","Sub-Saharan Africa",1,"Sub-Saharan Africa",110,"Kenya","Village",9,8,10,8,"Tausa",0,0,1,"Kenya"
"87",25,"2017-06-16 09:04:11.000000",38,"Avcd Dairy- Eastern","Feeds Assesment in Kaiti Subcounty- Makueni County","County Government of Makueni, USAID, ILRI",96,"Kee","Eastern","Sub-Saharan Africa",1,"Sub-Saharan Africa",110,"Kenya","Village",9,8,10,8,"Kee",0,0,1,"Kenya"
"88",25,"2017-06-16 09:04:25.000000",39,"Avcd Livestock","Marsabit","ILRI, NRT, NIA, KLMC, CG",97,"Milima tatu saku- sub county, marsabit","Eastern","Sub-Saharan Africa",1,"Sub-Saharan Africa",110,"Kenya","Village",9,8,10,8,"Milima Tatu Farm",0,0,1,"Kenya"
"89",25,"2017-06-16 09:04:25.000000",40,"Range","Farmer group","ECF",98,"Merti","Eaatsern","Sub-Saharan Africa",1,"Sub-Saharan Africa",110,"Kenya","Village",9,8,10,8,NA,0,0,0,"Kenya"
"90",25,"2017-06-16 09:04:25.000000",41,"Bee Keeping","Honey production","VSF",99,"Korbesa","Eastern","Sub-Saharan Africa",1,"Sub-Saharan Africa",110,"Kenya","Village",9,8,10,8,NA,0,0,0,"Kenya"
"91",25,"2017-06-16 09:04:26.000000",42,"Avcd; Dairy Component","ENHANCEMENT OF PRODUCTION AND PRODUCTIVITY, MARKET AND STRENGHTENING OF INSTITUTIONS ALONG THE VALUE CHAIN","IRLI, COUNTY GOVERMENT",100,"Kasikeu and kiimakiu ward","Eastern","Sub-Saharan Africa",1,"Sub-Saharan Africa",110,"Kenya","DAIRYING ZONE",9,8,10,8,"Kwothithu Acc's Camp",0,0,1,"Kenya"
"92",25,"2017-06-16 09:05:05.000000",43,"Feed Assessment Tool","FOCUS GROUP DISCUSSION","CGIAR",101,"Tawa","Lower Eastern","Sub-Saharan Africa",1,"Sub-Saharan Africa",110,"Kenya","Village",9,8,10,8,"Tawa",1.40059995651245,37.4749984741211,1,"Kenya"
"93",25,"2017-06-16 09:05:16.000000",44,"Avcdll Livestock",NA,"klmc,uon,department of livestock",102,"Milimamitatu village in saku sub county","Unspecified","Sub-Saharan Africa",1,"Sub-Saharan Africa",110,"Kenya",NA,9,8,10,8,NA,0,0,0,"Kenya"
"94",25,"2017-06-16 09:05:16.000000",44,"Avcdll Livestock",NA,"klmc,uon,department of livestock",103,"Milimamitatu","Unspecified","Sub-Saharan Africa",1,"Sub-Saharan Africa",110,"Kenya",NA,9,8,10,8,"Unspecified",0,0,1,"Kenya"
"95",25,"2017-06-16 09:05:16.000000",45,"Analysis Of Livestock Feed Availability And Utilization In Mwingi West Sub County, Kitui County","ANALYSIS OF LIVESTOCK FEED AVAILABILITY AND UTILIZATION IN MWINGI WEST SUB COUNTY, KITUI COUNTY","MINISTRY OF AGRICULTURE,WATER AND IRRIGATION,",104,"Mwingi west","Kenya","Sub-Saharan Africa",1,"Sub-Saharan Africa",110,"Kenya","SUB COUNTY",9,8,10,8,"Migwani Town",0,0,1,"Kenya"
"96",25,"2017-06-16 09:05:27.000000",48,"Feast Dairy","AVCD DAIRY","ILRI",105,"Werugha","Coast","Sub-Saharan Africa",1,"Sub-Saharan Africa",110,"Kenya","ward",9,8,10,8,"Wergha",0,0,1,"Kenya"
"97",25,"2017-06-16 09:05:37.000000",51,"Feast Dairy","AVCD DAIRY","ILRI,COUNTY GOVERNMENT,PROVINCIAL ADMINISTRATION",106,"Danida hall","Kenya","Sub-Saharan Africa",1,"Sub-Saharan Africa",110,"Kenya","Village",9,8,10,8,"Danida Hall",0,0,1,"Kenya"
"98",65,"2018-09-11 06:09:08.000000",52,"Feed & Fodder","Feed and fodder production in different agroclimatic zone and its utilization for livestock of odisha","F&ARD Government of odisha",107,"Basudevpur","State","South Asia",2,"South Asia",99,"India","Sub Village",9,8,10,8,"Barandua(Kapilmuni)",21.1396999359131,86.7294998168945,9,"India"
"99",65,"2018-09-11 06:09:08.000000",52,"Feed & Fodder","Feed and fodder production in different agroclimatic zone and its utilization for livestock of odisha","F&ARD Government of odisha",107,"Basudevpur","State","South Asia",2,"South Asia",99,"India","Sub Village",9,8,10,8,"B.Binayakpur",21.1396999359131,86.7294998168945,9,"India"
"100",65,"2018-09-11 06:09:08.000000",52,"Feed & Fodder","Feed and fodder production in different agroclimatic zone and its utilization for livestock of odisha","F&ARD Government of odisha",107,"Basudevpur","State","South Asia",2,"South Asia",99,"India","Sub Village",9,8,10,8,"Ertal",21.1396999359131,86.7294998168945,9,"India"
"101",65,"2018-09-11 06:09:08.000000",52,"Feed & Fodder","Feed and fodder production in different agroclimatic zone and its utilization for livestock of odisha","F&ARD Government of odisha",107,"Basudevpur","State","South Asia",2,"South Asia",99,"India","Sub Village",9,8,10,8,"Brahmanagaon",21.1396999359131,86.7294998168945,9,"India"
"102",65,"2018-09-11 06:09:08.000000",52,"Feed & Fodder","Feed and fodder production in different agroclimatic zone and its utilization for livestock of odisha","F&ARD Government of odisha",107,"Basudevpur","State","South Asia",2,"South Asia",99,"India","Sub Village",9,8,10,8,"Kumarpur",21.1396999359131,86.7294998168945,9,"India"
"103",65,"2018-09-11 06:09:08.000000",52,"Feed & Fodder","Feed and fodder production in different agroclimatic zone and its utilization for livestock of odisha","F&ARD Government of odisha",107,"Basudevpur","State","South Asia",2,"South Asia",99,"India","Sub Village",9,8,10,8,"Arondua",21.1396999359131,86.7294998168945,9,"India"
"104",65,"2018-09-11 06:09:08.000000",52,"Feed & Fodder","Feed and fodder production in different agroclimatic zone and its utilization for livestock of odisha","F&ARD Government of odisha",107,"Basudevpur","State","South Asia",2,"South Asia",99,"India","Sub Village",9,8,10,8,"Baikunthapur",21.1396999359131,86.7294998168945,9,"India"
"105",65,"2018-09-11 06:09:08.000000",52,"Feed & Fodder","Feed and fodder production in different agroclimatic zone and its utilization for livestock of odisha","F&ARD Government of odisha",107,"Basudevpur","State","South Asia",2,"South Asia",99,"India","Sub Village",9,8,10,8,"Belasaunlia",21.1396999359131,86.7294998168945,9,"India"
"106",65,"2018-09-11 06:09:08.000000",52,"Feed & Fodder","Feed and fodder production in different agroclimatic zone and its utilization for livestock of odisha","F&ARD Government of odisha",107,"Basudevpur","State","South Asia",2,"South Asia",99,"India","Sub Village",9,8,10,8,"Sankharu",21.1396999359131,86.7294998168945,9,"India"
"107",13,"2018-09-28 14:57:29.000000",53,"Feed & Fodder","Feed and fodder production in different agro-climatic zones and its utilization for livestock of Odisha.","F&ARD Government of odisha",108,"Shamakhunta","State","South Asia",2,"South Asia",99,"India","Village",9,8,10,8,"Khandia",21.9325008392334,86.7248001098633,10,"India"
"108",13,"2018-09-28 14:57:29.000000",53,"Feed & Fodder","Feed and fodder production in different agro-climatic zones and its utilization for livestock of Odisha.","F&ARD Government of odisha",108,"Shamakhunta","State","South Asia",2,"South Asia",99,"India","Village",9,8,10,8,"Sinduragoura",21.9325008392334,86.7248001098633,10,"India"
"109",13,"2018-09-28 14:57:29.000000",53,"Feed & Fodder","Feed and fodder production in different agro-climatic zones and its utilization for livestock of Odisha.","F&ARD Government of odisha",108,"Shamakhunta","State","South Asia",2,"South Asia",99,"India","Village",9,8,10,8,"Salabani",21.9325008392334,86.7248001098633,10,"India"
"110",13,"2018-09-28 14:57:29.000000",53,"Feed & Fodder","Feed and fodder production in different agro-climatic zones and its utilization for livestock of Odisha.","F&ARD Government of odisha",108,"Shamakhunta","State","South Asia",2,"South Asia",99,"India","Village",9,8,10,8,"Ambadubi",21.9325008392334,86.7248001098633,10,"India"
"111",13,"2018-09-28 14:57:29.000000",53,"Feed & Fodder","Feed and fodder production in different agro-climatic zones and its utilization for livestock of Odisha.","F&ARD Government of odisha",108,"Shamakhunta","State","South Asia",2,"South Asia",99,"India","Village",9,8,10,8,"Shamakhunta",21.9325008392334,86.7248001098633,10,"India"
"112",13,"2018-09-28 14:57:29.000000",53,"Feed & Fodder","Feed and fodder production in different agro-climatic zones and its utilization for livestock of Odisha.","F&ARD Government of odisha",108,"Shamakhunta","State","South Asia",2,"South Asia",99,"India","Village",9,8,10,8,"Chandanpur",21.9325008392334,86.7248001098633,10,"India"
"113",13,"2018-09-28 14:57:29.000000",53,"Feed & Fodder","Feed and fodder production in different agro-climatic zones and its utilization for livestock of Odisha.","F&ARD Government of odisha",108,"Shamakhunta","State","South Asia",2,"South Asia",99,"India","Village",9,8,10,8,"Balidiha",21.9325008392334,86.7248001098633,10,"India"
"114",13,"2018-09-28 14:57:29.000000",53,"Feed & Fodder","Feed and fodder production in different agro-climatic zones and its utilization for livestock of Odisha.","F&ARD Government of odisha",108,"Shamakhunta","State","South Asia",2,"South Asia",99,"India","Village",9,8,10,8,"Mudrajodi",21.9325008392334,86.7248001098633,10,"India"
"115",13,"2018-09-28 14:57:29.000000",53,"Feed & Fodder","Feed and fodder production in different agro-climatic zones and its utilization for livestock of Odisha.","F&ARD Government of odisha",108,"Shamakhunta","State","South Asia",2,"South Asia",99,"India","Village",9,8,10,8,"Kundalbani",21.9325008392334,86.7248001098633,10,"India"
"116",13,"2018-09-28 14:57:29.000000",53,"Feed & Fodder","Feed and fodder production in different agro-climatic zones and its utilization for livestock of Odisha.","F&ARD Government of odisha",108,"Shamakhunta","State","South Asia",2,"South Asia",99,"India","Village",9,8,10,8,"Satapautia",21.9325008392334,86.7248001098633,10,"India"
"117",65,"2018-10-04 05:43:11.000000",54,"Feed & Fodder","Feed and fodder production in different agro-climatic zones and its utilization for livestock of Odisha.","F&ARD Government of odisha",109,"Gop","State","South Asia",2,"South Asia",99,"India","Sub Village",9,8,10,8,"Tinitieara",19.9596996307373,86.0283966064453,10,"India"
"118",65,"2018-10-04 05:43:11.000000",54,"Feed & Fodder","Feed and fodder production in different agro-climatic zones and its utilization for livestock of Odisha.","F&ARD Government of odisha",109,"Gop","State","South Asia",2,"South Asia",99,"India","Sub Village",9,8,10,8,"Benipur",19.9596996307373,86.0283966064453,10,"India"
"119",65,"2018-10-04 05:43:11.000000",54,"Feed & Fodder","Feed and fodder production in different agro-climatic zones and its utilization for livestock of Odisha.","F&ARD Government of odisha",109,"Gop","State","South Asia",2,"South Asia",99,"India","Sub Village",9,8,10,8,"Sankharia",19.9596996307373,86.0283966064453,10,"India"
"120",65,"2018-10-04 05:43:11.000000",54,"Feed & Fodder","Feed and fodder production in different agro-climatic zones and its utilization for livestock of Odisha.","F&ARD Government of odisha",109,"Gop","State","South Asia",2,"South Asia",99,"India","Sub Village",9,8,10,8,"Behereda",19.9596996307373,86.0283966064453,10,"India"
"121",65,"2018-10-04 05:43:11.000000",54,"Feed & Fodder","Feed and fodder production in different agro-climatic zones and its utilization for livestock of Odisha.","F&ARD Government of odisha",109,"Gop","State","South Asia",2,"South Asia",99,"India","Sub Village",9,8,10,8,"Basantadiha",19.9596996307373,86.0283966064453,10,"India"
"122",65,"2018-10-04 05:43:11.000000",54,"Feed & Fodder","Feed and fodder production in different agro-climatic zones and its utilization for livestock of Odisha.","F&ARD Government of odisha",109,"Gop","State","South Asia",2,"South Asia",99,"India","Sub Village",9,8,10,8,"Dihuda",19.9596996307373,86.0283966064453,10,"India"
"123",65,"2018-10-04 05:43:11.000000",54,"Feed & Fodder","Feed and fodder production in different agro-climatic zones and its utilization for livestock of Odisha.","F&ARD Government of odisha",109,"Gop","State","South Asia",2,"South Asia",99,"India","Sub Village",9,8,10,8,"Sujanagar",19.9596996307373,86.0283966064453,10,"India"
"124",65,"2018-10-04 05:43:11.000000",54,"Feed & Fodder","Feed and fodder production in different agro-climatic zones and its utilization for livestock of Odisha.","F&ARD Government of odisha",109,"Gop","State","South Asia",2,"South Asia",99,"India","Sub Village",9,8,10,8,"Keutunga",19.9596996307373,86.0283966064453,10,"India"
"125",65,"2018-10-04 05:43:11.000000",54,"Feed & Fodder","Feed and fodder production in different agro-climatic zones and its utilization for livestock of Odisha.","F&ARD Government of odisha",109,"Gop","State","South Asia",2,"South Asia",99,"India","Sub Village",9,8,10,8,"Bedpur",19.9596996307373,86.0283966064453,10,"India"
"126",65,"2018-10-04 05:43:11.000000",54,"Feed & Fodder","Feed and fodder production in different agro-climatic zones and its utilization for livestock of Odisha.","F&ARD Government of odisha",109,"Gop","State","South Asia",2,"South Asia",99,"India","Sub Village",9,8,10,8,"Subarnapur",19.9596996307373,86.0283966064453,10,"India"
"127",65,"2018-10-04 05:43:53.000000",55,"Feed And Fodder","Feed and Fodder Production in Different Agro-Climatic Zones and its Utilization for Livestock of Odisha.","DAH & VS of Odisha",110,"Nuapada","State","South Asia",2,"South Asia",99,"India","Hamlet",9,8,10,8,"Dumerpani",20.801700592041,82.5614013671875,10,"India"
"128",65,"2018-10-04 05:43:53.000000",55,"Feed And Fodder","Feed and Fodder Production in Different Agro-Climatic Zones and its Utilization for Livestock of Odisha.","DAH & VS of Odisha",110,"Nuapada","State","South Asia",2,"South Asia",99,"India","Hamlet",9,8,10,8,"Panchampur",20.801700592041,82.5614013671875,10,"India"
"129",65,"2018-10-04 05:43:53.000000",55,"Feed And Fodder","Feed and Fodder Production in Different Agro-Climatic Zones and its Utilization for Livestock of Odisha.","DAH & VS of Odisha",110,"Nuapada","State","South Asia",2,"South Asia",99,"India","Hamlet",9,8,10,8,"Amsena",20.801700592041,82.5614013671875,10,"India"
"130",65,"2018-10-04 05:43:53.000000",55,"Feed And Fodder","Feed and Fodder Production in Different Agro-Climatic Zones and its Utilization for Livestock of Odisha.","DAH & VS of Odisha",110,"Nuapada","State","South Asia",2,"South Asia",99,"India","Hamlet",9,8,10,8,"Gotma",20.801700592041,82.5614013671875,10,"India"
"131",65,"2018-10-04 05:43:53.000000",55,"Feed And Fodder","Feed and Fodder Production in Different Agro-Climatic Zones and its Utilization for Livestock of Odisha.","DAH & VS of Odisha",110,"Nuapada","State","South Asia",2,"South Asia",99,"India","Hamlet",9,8,10,8,"Lukupali",20.801700592041,82.5614013671875,10,"India"
"132",65,"2018-10-04 05:43:53.000000",55,"Feed And Fodder","Feed and Fodder Production in Different Agro-Climatic Zones and its Utilization for Livestock of Odisha.","DAH & VS of Odisha",110,"Nuapada","State","South Asia",2,"South Asia",99,"India","Hamlet",9,8,10,8,"Maulibhata",20.801700592041,82.5614013671875,10,"India"
"133",65,"2018-10-04 05:43:53.000000",55,"Feed And Fodder","Feed and Fodder Production in Different Agro-Climatic Zones and its Utilization for Livestock of Odisha.","DAH & VS of Odisha",110,"Nuapada","State","South Asia",2,"South Asia",99,"India","Hamlet",9,8,10,8,"Lanjimar",20.801700592041,82.5614013671875,10,"India"
"134",65,"2018-10-04 05:43:53.000000",55,"Feed And Fodder","Feed and Fodder Production in Different Agro-Climatic Zones and its Utilization for Livestock of Odisha.","DAH & VS of Odisha",110,"Nuapada","State","South Asia",2,"South Asia",99,"India","Hamlet",9,8,10,8,"Routpada",20.801700592041,82.5614013671875,10,"India"
"135",65,"2018-10-04 05:43:53.000000",55,"Feed And Fodder","Feed and Fodder Production in Different Agro-Climatic Zones and its Utilization for Livestock of Odisha.","DAH & VS of Odisha",110,"Nuapada","State","South Asia",2,"South Asia",99,"India","Hamlet",9,8,10,8,"Sarabang",20.801700592041,82.5614013671875,10,"India"
"136",65,"2018-10-04 05:43:53.000000",55,"Feed And Fodder","Feed and Fodder Production in Different Agro-Climatic Zones and its Utilization for Livestock of Odisha.","DAH & VS of Odisha",110,"Nuapada","State","South Asia",2,"South Asia",99,"India","Hamlet",9,8,10,8,"Salebhata",20.801700592041,82.5614013671875,10,"India"
"137",65,"2018-10-08 05:16:44.000000",56,"Feed & Fodder","Feed and fodder production in different agroclimatic zone and its utilization for livestock of odisha","F&ARD Government of odisha",111,"Khajuripada","State","South Asia",2,"South Asia",99,"India","Village",9,8,10,8,"Urumunda",20.4533004760742,84.2731018066406,10,"India"
"138",65,"2018-10-08 05:16:44.000000",56,"Feed & Fodder","Feed and fodder production in different agroclimatic zone and its utilization for livestock of odisha","F&ARD Government of odisha",111,"Khajuripada","State","South Asia",2,"South Asia",99,"India","Village",9,8,10,8,"Darada",20.4533004760742,84.2731018066406,10,"India"
"139",65,"2018-10-08 05:16:44.000000",56,"Feed & Fodder","Feed and fodder production in different agroclimatic zone and its utilization for livestock of odisha","F&ARD Government of odisha",111,"Khajuripada","State","South Asia",2,"South Asia",99,"India","Village",9,8,10,8,"Khaligudri",20.4533004760742,84.2731018066406,10,"India"
"140",65,"2018-10-08 05:16:44.000000",56,"Feed & Fodder","Feed and fodder production in different agroclimatic zone and its utilization for livestock of odisha","F&ARD Government of odisha",111,"Khajuripada","State","South Asia",2,"South Asia",99,"India","Village",9,8,10,8,"Barikumpa",20.4533004760742,84.2731018066406,10,"India"
"141",65,"2018-10-08 05:16:44.000000",56,"Feed & Fodder","Feed and fodder production in different agroclimatic zone and its utilization for livestock of odisha","F&ARD Government of odisha",111,"Khajuripada","State","South Asia",2,"South Asia",99,"India","Village",9,8,10,8,"Dutipada",20.4533004760742,84.2731018066406,10,"India"
"142",65,"2018-10-08 05:16:44.000000",56,"Feed & Fodder","Feed and fodder production in different agroclimatic zone and its utilization for livestock of odisha","F&ARD Government of odisha",111,"Khajuripada","State","South Asia",2,"South Asia",99,"India","Village",9,8,10,8,"Khajuripada",20.4533004760742,84.2731018066406,10,"India"
"143",65,"2018-10-08 05:16:44.000000",56,"Feed & Fodder","Feed and fodder production in different agroclimatic zone and its utilization for livestock of odisha","F&ARD Government of odisha",111,"Khajuripada","State","South Asia",2,"South Asia",99,"India","Village",9,8,10,8,"Balaskumpa",20.4533004760742,84.2731018066406,10,"India"
"144",65,"2018-10-08 05:16:44.000000",56,"Feed & Fodder","Feed and fodder production in different agroclimatic zone and its utilization for livestock of odisha","F&ARD Government of odisha",111,"Khajuripada","State","South Asia",2,"South Asia",99,"India","Village",9,8,10,8,"Dalapada",20.4533004760742,84.2731018066406,10,"India"
"145",65,"2018-10-08 05:16:44.000000",56,"Feed & Fodder","Feed and fodder production in different agroclimatic zone and its utilization for livestock of odisha","F&ARD Government of odisha",111,"Khajuripada","State","South Asia",2,"South Asia",99,"India","Village",9,8,10,8,"R Nuagaon",20.4533004760742,84.2731018066406,10,"India"
"146",65,"2018-10-08 05:16:44.000000",56,"Feed & Fodder","Feed and fodder production in different agroclimatic zone and its utilization for livestock of odisha","F&ARD Government of odisha",111,"Khajuripada","State","South Asia",2,"South Asia",99,"India","Village",9,8,10,8,"Ahinsa",20.4533004760742,84.2731018066406,10,"India"
"147",65,"2018-10-08 05:16:44.000000",56,"Feed & Fodder","Feed and fodder production in different agroclimatic zone and its utilization for livestock of odisha","F&ARD Government of odisha",112,"Kantamal","State","South Asia",2,"South Asia",99,"India","Village",9,8,10,8,"Palasagora",20.6692008972168,83.3957977294922,10,"India"
"148",65,"2018-10-08 05:16:44.000000",56,"Feed & Fodder","Feed and fodder production in different agroclimatic zone and its utilization for livestock of odisha","F&ARD Government of odisha",112,"Kantamal","State","South Asia",2,"South Asia",99,"India","Village",9,8,10,8,"Landapadar",20.6692008972168,83.3957977294922,10,"India"
"149",65,"2018-10-08 05:16:44.000000",56,"Feed & Fodder","Feed and fodder production in different agroclimatic zone and its utilization for livestock of odisha","F&ARD Government of odisha",112,"Kantamal","State","South Asia",2,"South Asia",99,"India","Village",9,8,10,8,"Para",20.6692008972168,83.3957977294922,10,"India"
"150",65,"2018-10-08 05:16:44.000000",56,"Feed & Fodder","Feed and fodder production in different agroclimatic zone and its utilization for livestock of odisha","F&ARD Government of odisha",112,"Kantamal","State","South Asia",2,"South Asia",99,"India","Village",9,8,10,8,"Tentulikhunti",20.6692008972168,83.3957977294922,10,"India"
"151",65,"2018-10-08 05:16:44.000000",56,"Feed & Fodder","Feed and fodder production in different agroclimatic zone and its utilization for livestock of odisha","F&ARD Government of odisha",112,"Kantamal","State","South Asia",2,"South Asia",99,"India","Village",9,8,10,8,"Talabeda",20.6692008972168,83.3957977294922,10,"India"
"152",65,"2018-10-08 05:16:44.000000",56,"Feed & Fodder","Feed and fodder production in different agroclimatic zone and its utilization for livestock of odisha","F&ARD Government of odisha",112,"Kantamal","State","South Asia",2,"South Asia",99,"India","Village",9,8,10,8,"Chhapara",20.6692008972168,83.3957977294922,10,"India"
"153",65,"2018-10-08 05:16:44.000000",56,"Feed & Fodder","Feed and fodder production in different agroclimatic zone and its utilization for livestock of odisha","F&ARD Government of odisha",112,"Kantamal","State","South Asia",2,"South Asia",99,"India","Village",9,8,10,8,"Kudibahal",20.6692008972168,83.3957977294922,10,"India"
"154",65,"2018-10-08 05:16:44.000000",56,"Feed & Fodder","Feed and fodder production in different agroclimatic zone and its utilization for livestock of odisha","F&ARD Government of odisha",112,"Kantamal","State","South Asia",2,"South Asia",99,"India","Village",9,8,10,8,"Baghibahal",20.6692008972168,83.3957977294922,10,"India"
"155",65,"2018-10-08 05:16:44.000000",56,"Feed & Fodder","Feed and fodder production in different agroclimatic zone and its utilization for livestock of odisha","F&ARD Government of odisha",112,"Kantamal","State","South Asia",2,"South Asia",99,"India","Village",9,8,10,8,"Gulgulapadar",20.6692008972168,83.3957977294922,10,"India"
"156",65,"2018-10-08 05:16:44.000000",56,"Feed & Fodder","Feed and fodder production in different agroclimatic zone and its utilization for livestock of odisha","F&ARD Government of odisha",112,"Kantamal","State","South Asia",2,"South Asia",99,"India","Village",9,8,10,8,"Badapadar",20.6692008972168,83.3957977294922,10,"India"
"157",65,"2018-10-08 05:37:53.000000",57,"Feed & Fodder","Feed and fodder production in different agroclimatic zone and its utilization for livestock of odisha","F&ARD Government of odisha",113,"Banki","State","South Asia",2,"South Asia",99,"India","Village",9,8,10,8,"Nitai Goura Mandap",20.3596992492676,85.5341033935547,3,"India"
"158",65,"2018-10-08 05:37:53.000000",57,"Feed & Fodder","Feed and fodder production in different agroclimatic zone and its utilization for livestock of odisha","F&ARD Government of odisha",113,"Banki","State","South Asia",2,"South Asia",99,"India","Village",9,8,10,8,"Ragadipatna,Hanuman Temple",20.3596992492676,85.5341033935547,3,"India"
"159",65,"2018-10-08 05:37:53.000000",57,"Feed & Fodder","Feed and fodder production in different agroclimatic zone and its utilization for livestock of odisha","F&ARD Government of odisha",113,"Banki","State","South Asia",2,"South Asia",99,"India","Village",9,8,10,8,"Bhagawat Ghar, Patapur/Gopalpur",20.3596992492676,85.5341033935547,3,"India"
"160",65,"2018-10-08 05:37:53.000000",57,"Feed & Fodder","Feed and fodder production in different agroclimatic zone and its utilization for livestock of odisha","F&ARD Government of odisha",114,"Badamba","State","South Asia",2,"South Asia",99,"India","Sub Village",9,8,10,8,"Gobardhanpur",20.3974990844727,85.1452026367188,3,"India"
"161",65,"2018-10-08 05:37:53.000000",57,"Feed & Fodder","Feed and fodder production in different agroclimatic zone and its utilization for livestock of odisha","F&ARD Government of odisha",114,"Badamba","State","South Asia",2,"South Asia",99,"India","Sub Village",9,8,10,8,"Haritha,Bhagabat Mandap",20.3974990844727,85.1452026367188,3,"India"
"162",65,"2018-10-08 05:37:53.000000",57,"Feed & Fodder","Feed and fodder production in different agroclimatic zone and its utilization for livestock of odisha","F&ARD Government of odisha",114,"Badamba","State","South Asia",2,"South Asia",99,"India","Sub Village",9,8,10,8,"Biswanathpur, Swapneswar Temple",20.3974990844727,85.1452026367188,3,"India"
"163",65,"2018-10-08 05:37:53.000000",57,"Feed & Fodder","Feed and fodder production in different agroclimatic zone and its utilization for livestock of odisha","F&ARD Government of odisha",115,"Nischintakoili","State","South Asia",2,"South Asia",99,"India","Village",9,8,10,8,"Paikaraypur",20.5088996887207,86.1449966430664,3,"India"
"164",65,"2018-10-08 05:37:53.000000",57,"Feed & Fodder","Feed and fodder production in different agroclimatic zone and its utilization for livestock of odisha","F&ARD Government of odisha",115,"Nischintakoili","State","South Asia",2,"South Asia",99,"India","Village",9,8,10,8,"Patapur",20.5088996887207,86.1449966430664,3,"India"
"165",65,"2018-10-08 05:37:53.000000",57,"Feed & Fodder","Feed and fodder production in different agroclimatic zone and its utilization for livestock of odisha","F&ARD Government of odisha",115,"Nischintakoili","State","South Asia",2,"South Asia",99,"India","Village",9,8,10,8,"Barado",20.5088996887207,86.1449966430664,3,"India"
"166",65,"2018-10-08 05:38:37.000000",58,"Feed & Fodder","Feed and fodder production in different agroclimatic zone and its utilization for livestock of odisha","F&ARD Government of odisha",116,"Baliapal","State","South Asia",2,"South Asia",99,"India","Sub Village",9,8,10,8,"Balarampur",21.6285991668701,87.2755966186523,3,"India"
"167",65,"2018-10-08 05:38:37.000000",58,"Feed & Fodder","Feed and fodder production in different agroclimatic zone and its utilization for livestock of odisha","F&ARD Government of odisha",116,"Baliapal","State","South Asia",2,"South Asia",99,"India","Sub Village",9,8,10,8,"Dagara",21.6285991668701,87.2755966186523,3,"India"
"168",65,"2018-10-08 05:38:37.000000",58,"Feed & Fodder","Feed and fodder production in different agroclimatic zone and its utilization for livestock of odisha","F&ARD Government of odisha",116,"Baliapal","State","South Asia",2,"South Asia",99,"India","Sub Village",9,8,10,8,"Deula, Mahalaxmi Gokhadya Bhandar",21.6285991668701,87.2755966186523,3,"India"
"169",65,"2018-10-08 05:38:37.000000",58,"Feed & Fodder","Feed and fodder production in different agroclimatic zone and its utilization for livestock of odisha","F&ARD Government of odisha",117,"Basta","State","South Asia",2,"South Asia",99,"India","Sub Village",9,8,10,8,"Chandipur",21.75,87.1616973876953,3,"India"
"170",65,"2018-10-08 05:38:37.000000",58,"Feed & Fodder","Feed and fodder production in different agroclimatic zone and its utilization for livestock of odisha","F&ARD Government of odisha",117,"Basta","State","South Asia",2,"South Asia",99,"India","Sub Village",9,8,10,8,"Baitipada",21.75,87.1616973876953,3,"India"
"171",65,"2018-10-08 05:38:37.000000",58,"Feed & Fodder","Feed and fodder production in different agroclimatic zone and its utilization for livestock of odisha","F&ARD Government of odisha",117,"Basta","State","South Asia",2,"South Asia",99,"India","Sub Village",9,8,10,8,"Bhelora",21.75,87.1616973876953,3,"India"
"172",65,"2018-10-08 05:38:37.000000",58,"Feed & Fodder","Feed and fodder production in different agroclimatic zone and its utilization for livestock of odisha","F&ARD Government of odisha",118,"Bahanaga","State","South Asia",2,"South Asia",99,"India","Sub Village",9,8,10,8,"Rahaniaganj",21.298900604248,86.8163986206055,3,"India"
"173",65,"2018-10-08 05:38:37.000000",58,"Feed & Fodder","Feed and fodder production in different agroclimatic zone and its utilization for livestock of odisha","F&ARD Government of odisha",118,"Bahanaga","State","South Asia",2,"South Asia",99,"India","Sub Village",9,8,10,8,"Talakurunia",21.298900604248,86.8163986206055,3,"India"
"174",65,"2018-10-08 05:38:37.000000",58,"Feed & Fodder","Feed and fodder production in different agroclimatic zone and its utilization for livestock of odisha","F&ARD Government of odisha",118,"Bahanaga","State","South Asia",2,"South Asia",99,"India","Sub Village",9,8,10,8,"Haripur",21.298900604248,86.8163986206055,3,"India"
"175",65,"2018-10-08 05:39:21.000000",59,"Feed And Fodder","Feed and Fodder Production in Different Agro-Climatic Zones and its Utilization for Livestock of Odisha.","DAH & VS of Odisha",119,"Attabira","Odisha","South Asia",2,"South Asia",99,"India","Village",9,8,10,8,"Mahukhand",21.3724994659424,83.8846969604492,10,"India"
"176",65,"2018-10-08 05:39:21.000000",59,"Feed And Fodder","Feed and Fodder Production in Different Agro-Climatic Zones and its Utilization for Livestock of Odisha.","DAH & VS of Odisha",119,"Attabira","Odisha","South Asia",2,"South Asia",99,"India","Village",9,8,10,8,"Tamparsora",21.3724994659424,83.8846969604492,10,"India"
"177",65,"2018-10-08 05:39:21.000000",59,"Feed And Fodder","Feed and Fodder Production in Different Agro-Climatic Zones and its Utilization for Livestock of Odisha.","DAH & VS of Odisha",119,"Attabira","Odisha","South Asia",2,"South Asia",99,"India","Village",9,8,10,8,"Jahnapada",21.3724994659424,83.8846969604492,10,"India"
"178",65,"2018-10-08 05:39:21.000000",59,"Feed And Fodder","Feed and Fodder Production in Different Agro-Climatic Zones and its Utilization for Livestock of Odisha.","DAH & VS of Odisha",119,"Attabira","Odisha","South Asia",2,"South Asia",99,"India","Village",9,8,10,8,"Hirlipali",21.3724994659424,83.8846969604492,10,"India"
"179",65,"2018-10-08 05:39:21.000000",59,"Feed And Fodder","Feed and Fodder Production in Different Agro-Climatic Zones and its Utilization for Livestock of Odisha.","DAH & VS of Odisha",119,"Attabira","Odisha","South Asia",2,"South Asia",99,"India","Village",9,8,10,8,"Bugbuga",21.3724994659424,83.8846969604492,10,"India"
"180",65,"2018-10-08 05:39:21.000000",59,"Feed And Fodder","Feed and Fodder Production in Different Agro-Climatic Zones and its Utilization for Livestock of Odisha.","DAH & VS of Odisha",119,"Attabira","Odisha","South Asia",2,"South Asia",99,"India","Village",9,8,10,8,"Janged",21.3724994659424,83.8846969604492,10,"India"
"181",65,"2018-10-08 05:39:21.000000",59,"Feed And Fodder","Feed and Fodder Production in Different Agro-Climatic Zones and its Utilization for Livestock of Odisha.","DAH & VS of Odisha",119,"Attabira","Odisha","South Asia",2,"South Asia",99,"India","Village",9,8,10,8,"Larambha",21.3724994659424,83.8846969604492,10,"India"
"182",65,"2018-10-08 05:39:21.000000",59,"Feed And Fodder","Feed and Fodder Production in Different Agro-Climatic Zones and its Utilization for Livestock of Odisha.","DAH & VS of Odisha",119,"Attabira","Odisha","South Asia",2,"South Asia",99,"India","Village",9,8,10,8,"Pahadasrigida",21.3724994659424,83.8846969604492,10,"India"
"183",65,"2018-10-08 05:39:21.000000",59,"Feed And Fodder","Feed and Fodder Production in Different Agro-Climatic Zones and its Utilization for Livestock of Odisha.","DAH & VS of Odisha",119,"Attabira","Odisha","South Asia",2,"South Asia",99,"India","Village",9,8,10,8,"Tope",21.3724994659424,83.8846969604492,10,"India"
"184",65,"2018-10-08 05:39:21.000000",59,"Feed And Fodder","Feed and Fodder Production in Different Agro-Climatic Zones and its Utilization for Livestock of Odisha.","DAH & VS of Odisha",119,"Attabira","Odisha","South Asia",2,"South Asia",99,"India","Village",9,8,10,8,"Kumelsingha",21.3724994659424,83.8846969604492,10,"India"
"185",65,"2018-10-08 05:40:23.000000",60,"Feed And Fodder","Feed and Fodder Production in Different Agro-Climatic Zones and its Utilization for Livestock of Odisha.","DAH & VS of Odisha",120,"Hatadihi","State","South Asia",2,"South Asia",99,"India","Sub Village",9,8,10,8,"Orali",21.488899230957,85.0883026123047,3,"India"
"186",65,"2018-10-08 05:40:23.000000",60,"Feed And Fodder","Feed and Fodder Production in Different Agro-Climatic Zones and its Utilization for Livestock of Odisha.","DAH & VS of Odisha",120,"Hatadihi","State","South Asia",2,"South Asia",99,"India","Sub Village",9,8,10,8,"Akarua",21.488899230957,85.0883026123047,3,"India"
"187",65,"2018-10-08 05:40:23.000000",60,"Feed And Fodder","Feed and Fodder Production in Different Agro-Climatic Zones and its Utilization for Livestock of Odisha.","DAH & VS of Odisha",120,"Hatadihi","State","South Asia",2,"South Asia",99,"India","Sub Village",9,8,10,8,"Sivnarayanpur",21.488899230957,85.0883026123047,3,"India"
"188",65,"2018-10-08 05:40:23.000000",60,"Feed And Fodder","Feed and Fodder Production in Different Agro-Climatic Zones and its Utilization for Livestock of Odisha.","DAH & VS of Odisha",121,"Ghasipura","State","South Asia",2,"South Asia",99,"India","Sub Village",9,8,10,8,"Ulhola",21.1476993560791,86.0108032226562,3,"India"
"189",65,"2018-10-08 05:40:23.000000",60,"Feed And Fodder","Feed and Fodder Production in Different Agro-Climatic Zones and its Utilization for Livestock of Odisha.","DAH & VS of Odisha",121,"Ghasipura","State","South Asia",2,"South Asia",99,"India","Sub Village",9,8,10,8,"Batto",21.1476993560791,86.0108032226562,3,"India"
"190",65,"2018-10-08 05:40:23.000000",60,"Feed And Fodder","Feed and Fodder Production in Different Agro-Climatic Zones and its Utilization for Livestock of Odisha.","DAH & VS of Odisha",121,"Ghasipura","State","South Asia",2,"South Asia",99,"India","Sub Village",9,8,10,8,"Daradipal",21.1476993560791,86.0108032226562,3,"India"
"191",65,"2018-10-08 05:40:23.000000",60,"Feed And Fodder","Feed and Fodder Production in Different Agro-Climatic Zones and its Utilization for Livestock of Odisha.","DAH & VS of Odisha",122,"Sompatna","State","South Asia",2,"South Asia",99,"India","Sub Village",9,8,10,8,"Tribindha",21.7901992797852,85.7979965209961,3,"India"
"192",65,"2018-10-08 05:40:23.000000",60,"Feed And Fodder","Feed and Fodder Production in Different Agro-Climatic Zones and its Utilization for Livestock of Odisha.","DAH & VS of Odisha",122,"Sompatna","State","South Asia",2,"South Asia",99,"India","Sub Village",9,8,10,8,"Tangarapada",21.7901992797852,85.7979965209961,3,"India"
"193",65,"2018-10-08 05:40:23.000000",60,"Feed And Fodder","Feed and Fodder Production in Different Agro-Climatic Zones and its Utilization for Livestock of Odisha.","DAH & VS of Odisha",122,"Sompatna","State","South Asia",2,"South Asia",99,"India","Sub Village",9,8,10,8,"Kainda",21.7901992797852,85.7979965209961,3,"India"
"194",73,"2019-03-08 08:08:18.000000",61,"Clip_Bu_Cibitoke","Projet d'int?gration agriculture et ?levage","ISABU et DPAE",123,"Buhoro","Cibitoke","Sub-Saharan Africa",1,"Sub-Saharan Africa",35,"Burundi","Village",9,8,10,8,"Salle De La Zone",-1.2833000421524,29.1833000183105,1,"Burundi"
"195",73,"2019-03-08 08:08:18.000000",62,"Clip_Bu_Giheta","Crop Livestock Integration Project","ISABU, DPAE",124,"Bihororo","Gitega","Sub-Saharan Africa",1,"Sub-Saharan Africa",35,"Burundi","Village",9,8,10,8,"Chez Mudage",3.34999990463257,29.8500003814697,1,"Burundi"
"196",73,"2019-03-08 08:08:18.000000",63,"Clip_Drc_Kamanyola","Improving productivity through crop-livestock integration in eastern DRC and Burundi",NA,125,"Kamanyola","Sud-Kivu","Sub-Saharan Africa",1,"Sub-Saharan Africa",50,"Congo The Democratic Republic Of The","Village",9,8,10,8,"Hotel Laic",0,0,1,"Congo The Democratic Republic Of The"
"197",73,"2019-03-08 08:08:18.000000",64,"Clip_Drc_Miti","Improving productivity through crop-livestock integration in eastern DRC and Burundi",NA,126,"Miti","Sud-Kivu","Sub-Saharan Africa",1,"Sub-Saharan Africa",50,"Congo The Democratic Republic Of The","Village",9,8,10,8,"Groupement Office",-1.63419997692108,28.7943992614746,1,"Congo The Democratic Republic Of The"
"198",13,"2019-11-29 13:09:06.000000",65,"Rddp",NA,NA,127,"Kayonza","Unspecified","Sub-Saharan Africa",1,"Sub-Saharan Africa",178,"Rwanda",NA,9,8,10,8,"Easternland Hotel",0,0,1,"Rwanda"
"199",13,"2019-11-29 13:09:06.000000",66,"Crop Livestock Integration And Marketing (Clim Malawi)","Feed Assesements in Project sites","ICRISAT, SLLP, ILRI and Ministry of Agriculture",128,"Chiradzulu","Southern","Sub-Saharan Africa",1,"Sub-Saharan Africa",128,"Malawi","Village",9,8,10,8,NA,0,0,0,"Malawi"
"200",13,"2019-11-29 13:09:06.000000",67,"Rddp",NA,"ILRI",129,"Kayonza","Easthern","Sub-Saharan Africa",1,"Sub-Saharan Africa",178,"Rwanda","cell",9,8,10,8,"Eastland Hotel",1.90190005302429,30.4979991912842,1,"Rwanda"
"201",13,"2019-11-29 13:09:06.000000",68,"The Mirror Feast","TRAINING ON FEAST DATA ENTRY AND ANALYSIS","RAB, UR, DISTRICT",130,"Rutare","Northen","Sub-Saharan Africa",1,"Sub-Saharan Africa",178,"Rwanda","Village",9,8,10,8,"Kabeza Cell Head Office",-0.0980999991297722,30.4979991912842,1,"Rwanda"
"202",13,"2019-11-29 13:09:06.000000",69,"Nyanza_Gasiza_A_Men","CSD_FEAST_RWANDA","RAB_CIAT",131,"Nyanza_gasiza_a_men","Nyanza","Sub-Saharan Africa",1,"Sub-Saharan Africa",178,"Rwanda","Village",9,8,10,8,"Gasiza_a",0,0,1,"Rwanda"
"203",13,"2019-11-29 13:09:06.000000",70,"Burera_Kagihanga_Men","CSD_FEAST_RWANDA","RAB_CIAT",132,"Burera_kagihanga_men","Burera","Sub-Saharan Africa",1,"Sub-Saharan Africa",178,"Rwanda","Village",9,8,10,8,"Kagihanga",0,0,1,"Rwanda"
"204",13,"2019-11-29 13:09:06.000000",71,"Burera_Kagesera_Men","CSD_FEAST_RWANDA","RAB_CIAT",133,"Burera_kagesera_men","Burera","Sub-Saharan Africa",1,"Sub-Saharan Africa",178,"Rwanda","Village",9,8,10,8,NA,0,0,0,"Rwanda"
"205",13,"2019-11-29 13:09:06.000000",72,"Burera_Kagihanga_Women","CSD_FEAST_RWANDA","RAB_CIAT",134,"Burera_kagihanga_women","Burera","Sub-Saharan Africa",1,"Sub-Saharan Africa",178,"Rwanda","Village",9,8,10,8,"Kagihanga",0,0,1,"Rwanda"
"206",13,"2019-11-29 13:09:06.000000",73,"Nyagatare_Gitengure_Men","CSD_FEAST_RWANDA","RAB_CIAT",135,"Nyagatare_gitengure_men","Nyagatare","Sub-Saharan Africa",1,"Sub-Saharan Africa",178,"Rwanda","Village",9,8,10,8,"Gitengure",0,0,1,"Rwanda"
"207",13,"2019-11-29 13:09:06.000000",74,"Nyagatare_Kabeza_Men","CSD_FEAST_RWANDA","RAB_CIAT",136,"Nyagatare_kabeza_men","Nyagatare","Sub-Saharan Africa",1,"Sub-Saharan Africa",178,"Rwanda","Village",9,8,10,8,"Kabeza",0,0,1,"Rwanda"
"208",13,"2019-11-29 13:09:06.000000",75,"Rwanda Dairy Development Project/Gicumbi",NA,"RWANDA AGRICULTURE AND ANIMAL RESOURES DEVELOPMENT BOAD, UR, IRLI",137,"Rutare","Northern","Sub-Saharan Africa",1,"Sub-Saharan Africa",178,"Rwanda","Village",9,8,10,8,"Gatwaro Cell",1.72090005874634,30.1805992126465,1,"Rwanda"
"209",13,"2019-11-29 13:09:06.000000",76,"Rwanda Dairy Development Project (Rddp)",NA,NA,138,"Kayonza","Unspecified","Sub-Saharan Africa",1,"Sub-Saharan Africa",178,"Rwanda","Village",9,8,10,8,NA,0,0,0,"Rwanda"
"210",13,"2019-11-29 13:09:06.000000",77,"Clip","Crop Livestock integration project run in Eastern DRC and Burundi",NA,139,"Kamanyola","South Kivu","Sub-Saharan Africa",1,"Sub-Saharan Africa",50,"Congo The Democratic Republic Of The","Village",9,8,10,8,NA,0,0,0,"Congo The Democratic Republic Of The"
"211",13,"2019-11-29 13:09:06.000000",78,"Integration De L'agriculture A L'elevage",NA,"ISABU et DPAE",140,"Cunyu","Cibitoke","Sub-Saharan Africa",1,"Sub-Saharan Africa",35,"Burundi","Village",9,8,10,8,"Ecofo Cunyu",-2,29,1,"Burundi"
"212",13,"2019-11-29 13:09:06.000000",79,"Rwanda Dairy Development Project- Rutsiro","FEAST-BONEZA","RAB, UR, RDDP,ILRI",141,"Remera-rutsiro","Western","Sub-Saharan Africa",1,"Sub-Saharan Africa",178,"Rwanda","Cell",9,8,10,8,"Remera",1.91919994354248,29.301700592041,1,"Rwanda"
"213",13,"2019-11-29 13:09:06.000000",80,"Rwanda Dairy Development Project",NA,NA,142,"Kayonza","Unspecified","Sub-Saharan Africa",1,"Sub-Saharan Africa",178,"Rwanda",NA,9,8,10,8,"Unspecified",0,0,1,"Rwanda"
"214",13,"2019-11-29 13:09:06.000000",81,"The Mirror Project","Training on FEAST  data Analysis","IRL",143,"Mudende","West Province","Sub-Saharan Africa",1,"Sub-Saharan Africa",178,"Rwanda","Village",9,8,10,8,NA,0,0,0,"Rwanda"
"215",13,"2019-11-29 13:09:06.000000",82,"Rwanda Dairy Development Project/Rubavu","FEAST MUDENDE","RAB,UR,IRLI,RDDP",144,"Kanyundo","Western","Sub-Saharan Africa",1,"Sub-Saharan Africa",178,"Rwanda","cell",9,8,10,8,"Kanyundo",-2.54402041435242,29.7146034240723,1,"Rwanda"
"216",13,"2019-11-29 13:09:06.000000",83,"Rwanda Dairy Development Project (Rddp)","Rwanda ",NA,145,"Kayonza district","Unspecified","Sub-Saharan Africa",1,"Sub-Saharan Africa",178,"Rwanda",NA,9,8,10,8,"Eastland Hotel",-0.0980999991297722,30.4979991912842,1,"Rwanda"
"217",13,"2019-11-29 13:09:06.000000",84,"Rwanda Dairy Development Project","Rwanda Dairy Development Project","RAB",146,"Rwamagana","Est","Sub-Saharan Africa",1,"Sub-Saharan Africa",178,"Rwanda","Village",9,8,10,8,"Unspecified",-0.0980999991297722,30.4979991912842,2,"Rwanda"
"218",13,"2019-11-29 13:09:06.000000",84,"Rwanda Dairy Development Project","Rwanda Dairy Development Project","RAB",146,"Rwamagana","Est","Sub-Saharan Africa",1,"Sub-Saharan Africa",178,"Rwanda","Village",9,8,10,8,"Estland Hotel",-0.0980999991297722,30.4979991912842,2,"Rwanda"
"219",13,"2019-11-29 13:09:06.000000",85,"Rwanda Dairy Development Project - Nyanza",NA,NA,147,"Rwotso","Southern Province","Sub-Saharan Africa",1,"Sub-Saharan Africa",178,"Rwanda","Cell",9,8,10,8,"Rwotso",-1.61090004444122,29.8938999176025,1,"Rwanda"
"220",13,"2019-11-29 13:09:06.000000",86,"Rwanda Dairy Development Project (Rddp)",NA,"ILRI",148,"Kayonza district","Unspecified","Sub-Saharan Africa",1,"Sub-Saharan Africa",178,"Rwanda",NA,9,8,10,8,"Eastland Hotel",-0.0980999991297722,30.4979991912842,1,"Rwanda"
"221",13,"2019-11-29 13:09:06.000000",87,"The Mirror Project","Training on FEASTndata entry and analysis","ILRI, RAB, UR,District,RDDP",149,"Kinigi","North","Sub-Saharan Africa",1,"Sub-Saharan Africa",178,"Rwanda","Village",9,8,10,8,"Nyonirima",-0.0980999991297722,30.4979991912842,1,"Rwanda"
"222",13,"2019-11-29 13:09:06.000000",88,"Rddp/ Musanze",NA,"RDDP, RAB, ILRI, UR, DISTRICT",150,"Rddp/ musanze","North","Sub-Saharan Africa",1,"Sub-Saharan Africa",178,"Rwanda","Village",9,8,10,8,NA,0,0,0,"Rwanda"
"223",13,"2019-11-29 13:09:06.000000",88,"Rddp/ Musanze",NA,"RDDP, RAB, ILRI, UR, DISTRICT",151,"Nyonirima","North","Sub-Saharan Africa",1,"Sub-Saharan Africa",178,"Rwanda","Village",9,8,10,8,"Nyonirima",-0.564199984073639,29.5960998535156,1,"Rwanda"
"224",13,"2019-11-29 13:09:06.000000",89,"Rddp",NA,"RAB",152,"East land hotel","Eastern","Sub-Saharan Africa",1,"Sub-Saharan Africa",178,"Rwanda",NA,9,8,10,8,"East Land Hotel",-0.0980999991297722,30.4979991912842,1,"Rwanda"
"225",13,"2019-11-29 13:09:06.000000",90,"The Mirror Project","Training of FEAST and analysis","RAB, UNR, MUSANZE DISTRICTI",153,"Kinigi","Northern","Sub-Saharan Africa",1,"Sub-Saharan Africa",178,"Rwanda","Village",9,8,10,8,"Nyonirima Head Office",-0.431400001049042,30.4857997894287,1,"Rwanda"
"226",13,"2019-11-29 13:09:06.000000",92,"Rwanda Dairy Development Project (Rddp0",NA,NA,154,"Kayonza","Unspecified","Sub-Saharan Africa",1,"Sub-Saharan Africa",178,"Rwanda",NA,9,8,10,8,NA,0,0,0,"Rwanda"
"227",13,"2019-11-29 13:09:06.000000",93,"The Mirror Project","Training on FEAST data entry and analysis","ILRI, RAB, Nyagatare District",155,"Rwimiyaga","East","Sub-Saharan Africa",1,"Sub-Saharan Africa",178,"Rwanda","Village",9,8,10,8,"Gacundezi Cell Hq",-0.0980999991297722,30.4979991912842,1,"Rwanda"
"228",13,"2019-11-29 13:09:06.000000",94,"Rwanda Dairy Development Project 2019/Nyagatare","Dairy Project ","RAB, ILRI, District ",156,"Gacundezi","Unspecified","Sub-Saharan Africa",1,"Sub-Saharan Africa",178,"Rwanda","Cell",9,8,10,8,"Gacundezi",-0.629400014877319,30.679500579834,1,"Rwanda"
"229",13,"2020-04-07 16:21:48.000000",95,"Livestock Crp","FOCUS GROUP DISCUSSION AND INDIVIDUAL FARMER INTERVIEWS","AGRICULTURAL SERVICE CENTER",157,"Chieng luong commune","Unspecified","East Asia and Pacific",3,"East Asia and Pacific",234,"Viet Nam","Village",9,8,10,8,"Chieng Luong Low Altitude Female 2",0,0,4,"Viet Nam"
"230",13,"2020-04-07 16:21:48.000000",95,"Livestock Crp","FOCUS GROUP DISCUSSION AND INDIVIDUAL FARMER INTERVIEWS","AGRICULTURAL SERVICE CENTER",157,"Chieng luong commune","Unspecified","East Asia and Pacific",3,"East Asia and Pacific",234,"Viet Nam","Village",9,8,10,8,"Chieng Luong Medium Altitude Female",0,0,4,"Viet Nam"
"231",13,"2020-04-07 16:21:48.000000",95,"Livestock Crp","FOCUS GROUP DISCUSSION AND INDIVIDUAL FARMER INTERVIEWS","AGRICULTURAL SERVICE CENTER",157,"Chieng luong commune","Unspecified","East Asia and Pacific",3,"East Asia and Pacific",234,"Viet Nam","Village",9,8,10,8,"Chieng Luong Medium Altitude Male",0,0,4,"Viet Nam"
"232",13,"2020-04-07 16:21:48.000000",95,"Livestock Crp","FOCUS GROUP DISCUSSION AND INDIVIDUAL FARMER INTERVIEWS","AGRICULTURAL SERVICE CENTER",157,"Chieng luong commune","Unspecified","East Asia and Pacific",3,"East Asia and Pacific",234,"Viet Nam","Village",9,8,10,8,"Chieng Luong Low Altitude Male 2",0,0,4,"Viet Nam"
"233",13,"2020-04-07 16:21:48.000000",95,"Livestock Crp","FOCUS GROUP DISCUSSION AND INDIVIDUAL FARMER INTERVIEWS","AGRICULTURAL SERVICE CENTER",158,"Chieng chung commune","Son La","East Asia and Pacific",3,"East Asia and Pacific",234,"Viet Nam","Village",9,8,10,8,"Chieng Chung Medium Altitude Female",0,0,4,"Viet Nam"
"234",13,"2020-04-07 16:21:48.000000",95,"Livestock Crp","FOCUS GROUP DISCUSSION AND INDIVIDUAL FARMER INTERVIEWS","AGRICULTURAL SERVICE CENTER",158,"Chieng chung commune","Son La","East Asia and Pacific",3,"East Asia and Pacific",234,"Viet Nam","Village",9,8,10,8,"Chien Chung Low Altitude Female",0,0,4,"Viet Nam"
"235",13,"2020-04-07 16:21:48.000000",95,"Livestock Crp","FOCUS GROUP DISCUSSION AND INDIVIDUAL FARMER INTERVIEWS","AGRICULTURAL SERVICE CENTER",158,"Chieng chung commune","Son La","East Asia and Pacific",3,"East Asia and Pacific",234,"Viet Nam","Village",9,8,10,8,"Chieng Chung Medium Altitude Male",0,0,4,"Viet Nam"
"236",13,"2020-04-07 16:21:48.000000",95,"Livestock Crp","FOCUS GROUP DISCUSSION AND INDIVIDUAL FARMER INTERVIEWS","AGRICULTURAL SERVICE CENTER",158,"Chieng chung commune","Son La","East Asia and Pacific",3,"East Asia and Pacific",234,"Viet Nam","Village",9,8,10,8,"Chieng Chung Low Altitude Male",0,0,4,"Viet Nam"
"237",77,"2020-04-17 13:19:34.000000",96,"Burkina Faso Legacy","Entering historic FEAST data to new app",NA,159,"Yatenga","Unspecified","Sub-Saharan Africa",1,"Sub-Saharan Africa",34,"Burkina Faso","Village",9,8,10,8,"Yatenga",0,0,1,"Burkina Faso"
"238",77,"2020-04-17 13:19:34.000000",96,"Burkina Faso Legacy","Entering historic FEAST data to new app",NA,160,"Ziga","Unspecified","Sub-Saharan Africa",1,"Sub-Saharan Africa",34,"Burkina Faso","Village",9,8,10,8,"Yatenga",0,0,1,"Burkina Faso"
"239",77,"2020-04-17 13:19:34.000000",96,"Burkina Faso Legacy","Entering historic FEAST data to new app",NA,161,"Mahon","Unspecified","Sub-Saharan Africa",1,"Sub-Saharan Africa",34,"Burkina Faso",NA,9,8,10,8,"Kenedougou-Kangala",11.3166999816895,4.56669998168945,1,"Burkina Faso"
"240",77,"2020-04-17 13:19:34.000000",96,"Burkina Faso Legacy","Entering historic FEAST data to new app",NA,162,"Sayaga","Unspecified","Sub-Saharan Africa",1,"Sub-Saharan Africa",34,"Burkina Faso","Village",9,8,10,8,"Kenedougou",11.3170003890991,4.56669998168945,1,"Burkina Faso"
"241",77,"2020-04-17 13:19:34.000000",97,"Ghana Legacy","Entering historical FEAST data to new app",NA,163,"Bonia","Unspecified","Sub-Saharan Africa",1,"Sub-Saharan Africa",81,"Ghana","Village",9,8,10,8,"Kassena Nankana",0,0,1,"Ghana"
"242",77,"2020-04-17 13:19:34.000000",97,"Ghana Legacy","Entering historical FEAST data to new app",NA,164,"Duko","Unspecified","Sub-Saharan Africa",1,"Sub-Saharan Africa",81,"Ghana","Village",9,8,10,8,"Duko",0,0,1,"Ghana"
"243",77,"2020-04-17 13:19:34.000000",97,"Ghana Legacy","Entering historical FEAST data to new app",NA,165,"Zanlerigu","Unspecified","Sub-Saharan Africa",1,"Sub-Saharan Africa",81,"Ghana","Village",9,8,10,8,"Zanlerigu",0,0,1,"Ghana"
"244",77,"2020-04-17 13:19:34.000000",97,"Ghana Legacy","Entering historical FEAST data to new app",NA,166,"Papu","Unspecified","Sub-Saharan Africa",1,"Sub-Saharan Africa",81,"Ghana","Village",9,8,10,8,"Nandowli",0,0,1,"Ghana"
"245",77,"2020-04-17 13:19:34.000000",97,"Ghana Legacy","Entering historical FEAST data to new app",NA,167,"Tibali","Unspecified","Sub-Saharan Africa",1,"Sub-Saharan Africa",81,"Ghana",NA,9,8,10,8,"Savelugu",0,0,1,"Ghana"
"246",77,"2020-04-17 13:19:34.000000",97,"Ghana Legacy","Entering historical FEAST data to new app",NA,168,"Guo","Unspecified","Sub-Saharan Africa",1,"Sub-Saharan Africa",81,"Ghana","Village",9,8,10,8,"Wa West",0,0,1,"Ghana"
"247",77,"2020-04-17 13:19:34.000000",97,"Ghana Legacy","Entering historical FEAST data to new app",NA,169,"Gia","Unspecified","Sub-Saharan Africa",1,"Sub-Saharan Africa",81,"Ghana","Village",9,8,10,8,"Kassena Nankana",0,0,1,"Ghana"
"248",77,"2020-04-17 13:19:34.000000",97,"Ghana Legacy","Entering historical FEAST data to new app",NA,170,"Tingoli","Unspecified","Sub-Saharan Africa",1,"Sub-Saharan Africa",81,"Ghana",NA,9,8,10,8,"Tolon",0,0,1,"Ghana"
"249",77,"2020-04-17 13:19:34.000000",98,"Mali Legacy","Entering historical FEAST to new app",NA,171,"Dieba","Unspecified","Sub-Saharan Africa",1,"Sub-Saharan Africa",131,"Mali","Village",9,8,10,8,"Danou",11.5200004577637,-6.09000015258789,1,"Mali"
"250",77,"2020-04-17 13:19:34.000000",98,"Mali Legacy","Entering historical FEAST to new app",NA,172,"Nampossela","Unspecified","Sub-Saharan Africa",1,"Sub-Saharan Africa",131,"Mali",NA,9,8,10,8,"Sincina",12.3299999237061,-4.65999984741211,1,"Mali"
"251",77,"2020-04-17 13:19:34.000000",98,"Mali Legacy","Entering historical FEAST to new app",NA,173,"Sibilira","Unspecified","Sub-Saharan Africa",1,"Sub-Saharan Africa",131,"Mali","Village",9,8,10,8,"Faragouaran",11.4399995803833,-6.23999977111816,1,"Mali"
"252",77,"2020-04-17 13:19:34.000000",98,"Mali Legacy","Entering historical FEAST to new app",NA,174,"Sirakele","Unspecified","Sub-Saharan Africa",1,"Sub-Saharan Africa",131,"Mali","Village",9,8,10,8,"Songuoa",12.5100002288818,-4.51999998092651,1,"Mali"
"253",77,"2020-04-17 13:19:34.000000",98,"Mali Legacy","Entering historical FEAST to new app",NA,175,"Yorobougoula","Unspecified","Sub-Saharan Africa",1,"Sub-Saharan Africa",131,"Mali","Village",9,8,10,8,"Gouanan",10.9099998474121,-8,1,"Mali"
"254",77,"2020-04-17 13:19:34.000000",98,"Mali Legacy","Entering historical FEAST to new app",NA,176,"Zanzoni","Unspecified","Sub-Saharan Africa",1,"Sub-Saharan Africa",131,"Mali","Village",9,8,10,8,"Fakolo",12.6199998855591,-4.42999982833862,1,"Mali"
"255",77,"2020-04-17 13:19:34.000000",99,"Niger Legacy","Entering historical FEAST data to new app",NA,177,"Gourdjia","Unspecified","Sub-Saharan Africa",1,"Sub-Saharan Africa",155,"Niger","Village",9,8,10,8,"Aguie",0,0,1,"Niger"
"256",77,"2020-04-17 13:19:34.000000",99,"Niger Legacy","Entering historical FEAST data to new app",NA,178,"Milli","Unspecified","Sub-Saharan Africa",1,"Sub-Saharan Africa",155,"Niger",NA,9,8,10,8,"Aguie",0,0,1,"Niger"
"257",77,"2020-04-17 13:19:34.000000",100,"Nigeria Legacy","Entering historical FEAST data into new app",NA,179,"Ife east","Unspecified","Sub-Saharan Africa",1,"Sub-Saharan Africa",156,"Nigeria","Village",9,8,10,8,"Ife East",0,0,1,"Nigeria"
"258",77,"2020-04-17 13:19:34.000000",100,"Nigeria Legacy","Entering historical FEAST data into new app",NA,180,"Iwo","Unspecified","Sub-Saharan Africa",1,"Sub-Saharan Africa",156,"Nigeria","Village",9,8,10,8,"Iwo",0,0,1,"Nigeria"
"259",77,"2020-04-17 13:19:34.000000",100,"Nigeria Legacy","Entering historical FEAST data into new app",NA,181,"Doka","Unspecified","Sub-Saharan Africa",1,"Sub-Saharan Africa",156,"Nigeria","Village",9,8,10,8,"Tofa",0,0,1,"Nigeria"
"260",77,"2020-04-17 13:19:34.000000",100,"Nigeria Legacy","Entering historical FEAST data into new app",NA,182,"Yanoko","Unspecified","Sub-Saharan Africa",1,"Sub-Saharan Africa",156,"Nigeria",NA,9,8,10,8,"Tofa",0,0,1,"Nigeria"
"261",77,"2020-04-17 13:19:34.000000",100,"Nigeria Legacy","Entering historical FEAST data into new app",NA,183,"Ishiyawa","Unspecified","Sub-Saharan Africa",1,"Sub-Saharan Africa",156,"Nigeria","Village",9,8,10,8,"Ishiyawa",0,0,1,"Nigeria"
"262",77,"2020-04-17 13:19:34.000000",100,"Nigeria Legacy","Entering historical FEAST data into new app",NA,184,"Yakubawa","Unspecified","Sub-Saharan Africa",1,"Sub-Saharan Africa",156,"Nigeria","Village",9,8,10,8,"Katsina",0,0,1,"Nigeria"
"263",77,"2020-04-17 13:19:34.000000",101,"Tanzania Legacy","Entering historic FEAST data to new app",NA,185,"Manyinga","Unspecified","Sub-Saharan Africa",1,"Sub-Saharan Africa",211,"Tanzania",NA,9,8,10,8,"Mvomero",0,0,2,"Tanzania"
"264",77,"2020-04-17 13:19:34.000000",101,"Tanzania Legacy","Entering historic FEAST data to new app",NA,185,"Manyinga","Unspecified","Sub-Saharan Africa",1,"Sub-Saharan Africa",211,"Tanzania",NA,9,8,10,8,"Mvomero",0,0,2,"Tanzania"
"265",77,"2020-04-17 13:19:34.000000",101,"Tanzania Legacy","Entering historic FEAST data to new app",NA,186,"Wami sokoine","Unspecified","Sub-Saharan Africa",1,"Sub-Saharan Africa",211,"Tanzania","Village",9,8,10,8,"Mvomero",0,0,2,"Tanzania"
"266",77,"2020-04-17 13:19:34.000000",101,"Tanzania Legacy","Entering historic FEAST data to new app",NA,186,"Wami sokoine","Unspecified","Sub-Saharan Africa",1,"Sub-Saharan Africa",211,"Tanzania","Village",9,8,10,8,"Mvomero",0,0,2,"Tanzania"
"267",77,"2020-04-17 13:19:34.000000",101,"Tanzania Legacy","Entering historic FEAST data to new app",NA,187,"Twatwatwa","Unspecified","Sub-Saharan Africa",1,"Sub-Saharan Africa",211,"Tanzania",NA,9,8,10,8,"Kilosa",0,0,2,"Tanzania"
"268",77,"2020-04-17 13:19:34.000000",101,"Tanzania Legacy","Entering historic FEAST data to new app",NA,187,"Twatwatwa","Unspecified","Sub-Saharan Africa",1,"Sub-Saharan Africa",211,"Tanzania",NA,9,8,10,8,"Kilosa",0,0,2,"Tanzania"
"269",77,"2020-04-17 13:19:34.000000",101,"Tanzania Legacy","Entering historic FEAST data to new app",NA,188,"Mbwade","Unspecified","Sub-Saharan Africa",1,"Sub-Saharan Africa",211,"Tanzania","Village",9,8,10,8,"Kilosa",0,0,2,"Tanzania"
"270",77,"2020-04-17 13:19:34.000000",101,"Tanzania Legacy","Entering historic FEAST data to new app",NA,188,"Mbwade","Unspecified","Sub-Saharan Africa",1,"Sub-Saharan Africa",211,"Tanzania","Village",9,8,10,8,"Kilosa",0,0,2,"Tanzania"
"271",13,"2020-04-29 15:01:53.000000",102,"Crop Livestock Integration And Marketing (Eu Project In Malawi)","FEAST studies for Malawi","LUANAR, ILRI, SSLLP, ICRISAT",189,"Mtetemera","South","Sub-Saharan Africa",1,"Sub-Saharan Africa",128,"Malawi","Village",9,8,10,8,"Mtetemera",0,0,1,"Malawi"
"272",13,"2020-04-29 15:01:53.000000",102,"Crop Livestock Integration And Marketing (Eu Project In Malawi)","FEAST studies for Malawi","LUANAR, ILRI, SSLLP, ICRISAT",190,"Chikwakwata","Southern Region","Sub-Saharan Africa",1,"Sub-Saharan Africa",128,"Malawi","Village",9,8,10,8,"Chikwakwata",15.7357997894287,35.2839012145996,1,"Malawi"
"273",13,"2020-04-29 15:01:53.000000",102,"Crop Livestock Integration And Marketing (Eu Project In Malawi)","FEAST studies for Malawi","LUANAR, ILRI, SSLLP, ICRISAT",191,"Mkusa","Southern Region","Sub-Saharan Africa",1,"Sub-Saharan Africa",128,"Malawi","Village",9,8,10,8,"Nkusa",-15.3659420013428,35.341480255127,1,"Malawi"
"274",13,"2020-04-29 15:01:53.000000",102,"Crop Livestock Integration And Marketing (Eu Project In Malawi)","FEAST studies for Malawi","LUANAR, ILRI, SSLLP, ICRISAT",192,"Kadzuwa","Southern Region","Sub-Saharan Africa",1,"Sub-Saharan Africa",128,"Malawi","Village",9,8,10,8,"Kadzuwa",-14.826376914978,35.5803756713867,1,"Malawi"
"275",13,"2020-04-29 15:01:53.000000",102,"Crop Livestock Integration And Marketing (Eu Project In Malawi)","FEAST studies for Malawi","LUANAR, ILRI, SSLLP, ICRISAT",193,"Phalula","Southern Region","Sub-Saharan Africa",1,"Sub-Saharan Africa",128,"Malawi","Village",9,8,10,8,"Chiwengana",-14.1041240692139,34.0048141479492,1,"Malawi"
"276",13,"2020-04-29 15:01:53.000000",102,"Crop Livestock Integration And Marketing (Eu Project In Malawi)","FEAST studies for Malawi","LUANAR, ILRI, SSLLP, ICRISAT",194,"Utale","Southern Region","Sub-Saharan Africa",1,"Sub-Saharan Africa",128,"Malawi","Village",9,8,10,8,"Msoma",-12.3008670806885,33.9283676147461,1,"Malawi"
