"","user_id","uploaded_at","project_id","project_title","site_id","site_name","site_world_region_id","site_world_region_name","site_country_id","site_country","focus_group_id","respondent_id","respondent_head_of_household_gender_id","respondent_head_of_household_gender","focus_group_meeting_date_time","focus_group_community","focus_group_households","focus_group_households_average_members","womens_income_activity_id","income_activity_type_id","income_activity_type_description","income_activity_category_id","income_activity_category_description","womens_income_activity_pct_womens_income"
"1",13,"2020-04-07 16:21:55",95,"Livestock Crp",157,"Chieng luong commune",3,"East Asia and Pacific",234,"Viet Nam",243,1998,2,"male","2019-10-05 08:30:03.000000","Chieng Luong (Female 1) Kich, Y Luong",221,5,1,1,"Cash Crops",1,"Cropping",0
"2",13,"2020-04-07 16:21:55",95,"Livestock Crp",157,"Chieng luong commune",3,"East Asia and Pacific",234,"Viet Nam",243,1998,2,"male","2019-10-05 08:30:03.000000","Chieng Luong (Female 1) Kich, Y Luong",221,5,2,5,"Fattening Animals - Cattle",2,"Livestock",31
"3",13,"2020-04-07 16:21:55",95,"Livestock Crp",157,"Chieng luong commune",3,"East Asia and Pacific",234,"Viet Nam",243,1998,2,"male","2019-10-05 08:30:03.000000","Chieng Luong (Female 1) Kich, Y Luong",221,5,3,7,"Food Crops",1,"Cropping",62
"4",13,"2020-04-07 16:21:55",95,"Livestock Crp",157,"Chieng luong commune",3,"East Asia and Pacific",234,"Viet Nam",243,1998,2,"male","2019-10-05 08:30:03.000000","Chieng Luong (Female 1) Kich, Y Luong",221,5,4,9,"Labouring / Service",3,"Labour",7
"5",13,"2020-04-07 16:21:55",95,"Livestock Crp",157,"Chieng luong commune",3,"East Asia and Pacific",234,"Viet Nam",243,1999,2,"male","2019-10-05 08:30:03.000000","Chieng Luong (Female 1) Kich, Y Luong",221,5,5,1,"Cash Crops",1,"Cropping",61
"6",13,"2020-04-07 16:21:55",95,"Livestock Crp",157,"Chieng luong commune",3,"East Asia and Pacific",234,"Viet Nam",243,1999,2,"male","2019-10-05 08:30:03.000000","Chieng Luong (Female 1) Kich, Y Luong",221,5,6,5,"Fattening Animals - Cattle",2,"Livestock",13
"7",13,"2020-04-07 16:21:55",95,"Livestock Crp",157,"Chieng luong commune",3,"East Asia and Pacific",234,"Viet Nam",243,1999,2,"male","2019-10-05 08:30:03.000000","Chieng Luong (Female 1) Kich, Y Luong",221,5,7,7,"Food Crops",1,"Cropping",13
"8",13,"2020-04-07 16:21:55",95,"Livestock Crp",157,"Chieng luong commune",3,"East Asia and Pacific",234,"Viet Nam",243,1999,2,"male","2019-10-05 08:30:03.000000","Chieng Luong (Female 1) Kich, Y Luong",221,5,8,9,"Labouring / Service",3,"Labour",13
"9",13,"2020-04-07 16:21:55",95,"Livestock Crp",157,"Chieng luong commune",3,"East Asia and Pacific",234,"Viet Nam",243,2000,2,"male","2019-10-05 08:30:03.000000","Chieng Luong (Female 1) Kich, Y Luong",221,5,9,1,"Cash Crops",1,"Cropping",40
"10",13,"2020-04-07 16:21:55",95,"Livestock Crp",157,"Chieng luong commune",3,"East Asia and Pacific",234,"Viet Nam",243,2000,2,"male","2019-10-05 08:30:03.000000","Chieng Luong (Female 1) Kich, Y Luong",221,5,10,6,"Fattening Animals - Sheep and Goats",2,"Livestock",20
"11",13,"2020-04-07 16:21:55",95,"Livestock Crp",157,"Chieng luong commune",3,"East Asia and Pacific",234,"Viet Nam",243,2000,2,"male","2019-10-05 08:30:03.000000","Chieng Luong (Female 1) Kich, Y Luong",221,5,11,86,"Pig raising",2,"Livestock",30
"12",13,"2020-04-07 16:21:55",95,"Livestock Crp",157,"Chieng luong commune",3,"East Asia and Pacific",234,"Viet Nam",243,2000,2,"male","2019-10-05 08:30:03.000000","Chieng Luong (Female 1) Kich, Y Luong",221,5,12,13,"Poultry - Meat",2,"Livestock",10
"13",13,"2020-04-07 16:21:55",95,"Livestock Crp",157,"Chieng luong commune",3,"East Asia and Pacific",234,"Viet Nam",243,2001,2,"male","2019-10-05 08:30:03.000000","Chieng Luong (Female 1) Kich, Y Luong",221,5,13,1,"Cash Crops",1,"Cropping",48
"14",13,"2020-04-07 16:21:55",95,"Livestock Crp",157,"Chieng luong commune",3,"East Asia and Pacific",234,"Viet Nam",243,2001,2,"male","2019-10-05 08:30:03.000000","Chieng Luong (Female 1) Kich, Y Luong",221,5,14,5,"Fattening Animals - Cattle",2,"Livestock",12
"15",13,"2020-04-07 16:21:55",95,"Livestock Crp",157,"Chieng luong commune",3,"East Asia and Pacific",234,"Viet Nam",243,2001,2,"male","2019-10-05 08:30:03.000000","Chieng Luong (Female 1) Kich, Y Luong",221,5,15,7,"Food Crops",1,"Cropping",30
"16",13,"2020-04-07 16:21:55",95,"Livestock Crp",157,"Chieng luong commune",3,"East Asia and Pacific",234,"Viet Nam",243,2001,2,"male","2019-10-05 08:30:03.000000","Chieng Luong (Female 1) Kich, Y Luong",221,5,16,13,"Poultry - Meat",2,"Livestock",10
"17",13,"2020-04-07 16:21:55",95,"Livestock Crp",157,"Chieng luong commune",3,"East Asia and Pacific",234,"Viet Nam",243,2002,2,"male","2019-10-05 08:30:03.000000","Chieng Luong (Female 1) Kich, Y Luong",221,5,17,1,"Cash Crops",1,"Cropping",14
"18",13,"2020-04-07 16:21:55",95,"Livestock Crp",157,"Chieng luong commune",3,"East Asia and Pacific",234,"Viet Nam",243,2002,2,"male","2019-10-05 08:30:03.000000","Chieng Luong (Female 1) Kich, Y Luong",221,5,18,7,"Food Crops",1,"Cropping",19
"19",13,"2020-04-07 16:21:55",95,"Livestock Crp",157,"Chieng luong commune",3,"East Asia and Pacific",234,"Viet Nam",243,2002,2,"male","2019-10-05 08:30:03.000000","Chieng Luong (Female 1) Kich, Y Luong",221,5,19,9,"Labouring / Service",3,"Labour",29
"20",13,"2020-04-07 16:21:55",95,"Livestock Crp",157,"Chieng luong commune",3,"East Asia and Pacific",234,"Viet Nam",243,2002,2,"male","2019-10-05 08:30:03.000000","Chieng Luong (Female 1) Kich, Y Luong",221,5,20,86,"Pig raising",2,"Livestock",38
"21",13,"2020-04-07 16:21:55",95,"Livestock Crp",157,"Chieng luong commune",3,"East Asia and Pacific",234,"Viet Nam",243,2003,2,"male","2019-10-05 08:30:03.000000","Chieng Luong (Female 1) Kich, Y Luong",221,5,21,1,"Cash Crops",1,"Cropping",23
"22",13,"2020-04-07 16:21:55",95,"Livestock Crp",157,"Chieng luong commune",3,"East Asia and Pacific",234,"Viet Nam",243,2003,2,"male","2019-10-05 08:30:03.000000","Chieng Luong (Female 1) Kich, Y Luong",221,5,22,5,"Fattening Animals - Cattle",2,"Livestock",40
"23",13,"2020-04-07 16:21:55",95,"Livestock Crp",157,"Chieng luong commune",3,"East Asia and Pacific",234,"Viet Nam",243,2003,2,"male","2019-10-05 08:30:03.000000","Chieng Luong (Female 1) Kich, Y Luong",221,5,23,7,"Food Crops",1,"Cropping",18
"24",13,"2020-04-07 16:21:55",95,"Livestock Crp",157,"Chieng luong commune",3,"East Asia and Pacific",234,"Viet Nam",243,2003,2,"male","2019-10-05 08:30:03.000000","Chieng Luong (Female 1) Kich, Y Luong",221,5,24,86,"Pig raising",2,"Livestock",19
"25",13,"2020-04-07 16:21:55",95,"Livestock Crp",157,"Chieng luong commune",3,"East Asia and Pacific",234,"Viet Nam",244,2004,2,"male","2019-10-05 08:30:59.000000","Chieng Luong (Female 2) Oi, Keo Lom, Lu",632,5,25,1,"Cash Crops",1,"Cropping",66
"26",13,"2020-04-07 16:21:55",95,"Livestock Crp",157,"Chieng luong commune",3,"East Asia and Pacific",234,"Viet Nam",244,2004,2,"male","2019-10-05 08:30:59.000000","Chieng Luong (Female 2) Oi, Keo Lom, Lu",632,5,26,5,"Fattening Animals - Cattle",2,"Livestock",11
"27",13,"2020-04-07 16:21:55",95,"Livestock Crp",157,"Chieng luong commune",3,"East Asia and Pacific",234,"Viet Nam",244,2004,2,"male","2019-10-05 08:30:59.000000","Chieng Luong (Female 2) Oi, Keo Lom, Lu",632,5,27,7,"Food Crops",1,"Cropping",20
"28",13,"2020-04-07 16:21:55",95,"Livestock Crp",157,"Chieng luong commune",3,"East Asia and Pacific",234,"Viet Nam",244,2004,2,"male","2019-10-05 08:30:59.000000","Chieng Luong (Female 2) Oi, Keo Lom, Lu",632,5,28,12,"Poultry - Eggs",2,"Livestock",3
"29",13,"2020-04-07 16:21:55",95,"Livestock Crp",157,"Chieng luong commune",3,"East Asia and Pacific",234,"Viet Nam",244,2005,2,"male","2019-10-05 08:30:59.000000","Chieng Luong (Female 2) Oi, Keo Lom, Lu",632,5,29,1,"Cash Crops",1,"Cropping",33
"30",13,"2020-04-07 16:21:55",95,"Livestock Crp",157,"Chieng luong commune",3,"East Asia and Pacific",234,"Viet Nam",244,2005,2,"male","2019-10-05 08:30:59.000000","Chieng Luong (Female 2) Oi, Keo Lom, Lu",632,5,30,7,"Food Crops",1,"Cropping",18
"31",13,"2020-04-07 16:21:55",95,"Livestock Crp",157,"Chieng luong commune",3,"East Asia and Pacific",234,"Viet Nam",244,2005,2,"male","2019-10-05 08:30:59.000000","Chieng Luong (Female 2) Oi, Keo Lom, Lu",632,5,31,9,"Labouring / Service",3,"Labour",49
"32",13,"2020-04-07 16:21:55",95,"Livestock Crp",157,"Chieng luong commune",3,"East Asia and Pacific",234,"Viet Nam",244,2006,2,"male","2019-10-05 08:30:59.000000","Chieng Luong (Female 2) Oi, Keo Lom, Lu",632,5,32,1,"Cash Crops",1,"Cropping",62
"33",13,"2020-04-07 16:21:55",95,"Livestock Crp",157,"Chieng luong commune",3,"East Asia and Pacific",234,"Viet Nam",244,2006,2,"male","2019-10-05 08:30:59.000000","Chieng Luong (Female 2) Oi, Keo Lom, Lu",632,5,33,5,"Fattening Animals - Cattle",2,"Livestock",24
"34",13,"2020-04-07 16:21:55",95,"Livestock Crp",157,"Chieng luong commune",3,"East Asia and Pacific",234,"Viet Nam",244,2006,2,"male","2019-10-05 08:30:59.000000","Chieng Luong (Female 2) Oi, Keo Lom, Lu",632,5,34,9,"Labouring / Service",3,"Labour",8
"35",13,"2020-04-07 16:21:55",95,"Livestock Crp",157,"Chieng luong commune",3,"East Asia and Pacific",234,"Viet Nam",244,2006,2,"male","2019-10-05 08:30:59.000000","Chieng Luong (Female 2) Oi, Keo Lom, Lu",632,5,35,86,"Pig raising",2,"Livestock",6
"36",13,"2020-04-07 16:21:55",95,"Livestock Crp",157,"Chieng luong commune",3,"East Asia and Pacific",234,"Viet Nam",244,2007,2,"male","2019-10-05 08:30:59.000000","Chieng Luong (Female 2) Oi, Keo Lom, Lu",632,5,36,5,"Fattening Animals - Cattle",2,"Livestock",32
"37",13,"2020-04-07 16:21:55",95,"Livestock Crp",157,"Chieng luong commune",3,"East Asia and Pacific",234,"Viet Nam",244,2007,2,"male","2019-10-05 08:30:59.000000","Chieng Luong (Female 2) Oi, Keo Lom, Lu",632,5,37,7,"Food Crops",1,"Cropping",35
"38",13,"2020-04-07 16:21:55",95,"Livestock Crp",157,"Chieng luong commune",3,"East Asia and Pacific",234,"Viet Nam",244,2007,2,"male","2019-10-05 08:30:59.000000","Chieng Luong (Female 2) Oi, Keo Lom, Lu",632,5,38,86,"Pig raising",2,"Livestock",24
"39",13,"2020-04-07 16:21:55",95,"Livestock Crp",157,"Chieng luong commune",3,"East Asia and Pacific",234,"Viet Nam",244,2007,2,"male","2019-10-05 08:30:59.000000","Chieng Luong (Female 2) Oi, Keo Lom, Lu",632,5,39,12,"Poultry - Eggs",2,"Livestock",9
"40",13,"2020-04-07 16:21:55",95,"Livestock Crp",157,"Chieng luong commune",3,"East Asia and Pacific",234,"Viet Nam",245,2009,2,"male","2019-10-05 20:30:45.000000","Chieng Luong (Male 1) Lu, Keo Lom, Buon Khoang, Lung Sang",600,4,40,7,"Food Crops",1,"Cropping",80
"41",13,"2020-04-07 16:21:55",95,"Livestock Crp",157,"Chieng luong commune",3,"East Asia and Pacific",234,"Viet Nam",245,2009,2,"male","2019-10-05 20:30:45.000000","Chieng Luong (Male 1) Lu, Keo Lom, Buon Khoang, Lung Sang",600,4,41,1,"Cash Crops",1,"Cropping",10
"42",13,"2020-04-07 16:21:55",95,"Livestock Crp",157,"Chieng luong commune",3,"East Asia and Pacific",234,"Viet Nam",245,2009,2,"male","2019-10-05 20:30:45.000000","Chieng Luong (Male 1) Lu, Keo Lom, Buon Khoang, Lung Sang",600,4,42,5,"Fattening Animals - Cattle",2,"Livestock",10
"43",13,"2020-04-07 16:21:55",95,"Livestock Crp",157,"Chieng luong commune",3,"East Asia and Pacific",234,"Viet Nam",245,2010,2,"male","2019-10-05 20:30:45.000000","Chieng Luong (Male 1) Lu, Keo Lom, Buon Khoang, Lung Sang",600,4,43,7,"Food Crops",1,"Cropping",40
"44",13,"2020-04-07 16:21:55",95,"Livestock Crp",157,"Chieng luong commune",3,"East Asia and Pacific",234,"Viet Nam",245,2010,2,"male","2019-10-05 20:30:45.000000","Chieng Luong (Male 1) Lu, Keo Lom, Buon Khoang, Lung Sang",600,4,44,87,"Fruit crops",1,"Cropping",40
"45",13,"2020-04-07 16:21:55",95,"Livestock Crp",157,"Chieng luong commune",3,"East Asia and Pacific",234,"Viet Nam",245,2010,2,"male","2019-10-05 20:30:45.000000","Chieng Luong (Male 1) Lu, Keo Lom, Buon Khoang, Lung Sang",600,4,45,5,"Fattening Animals - Cattle",2,"Livestock",20
"46",13,"2020-04-07 16:21:55",95,"Livestock Crp",157,"Chieng luong commune",3,"East Asia and Pacific",234,"Viet Nam",245,2011,2,"male","2019-10-05 20:30:45.000000","Chieng Luong (Male 1) Lu, Keo Lom, Buon Khoang, Lung Sang",600,4,46,7,"Food Crops",1,"Cropping",40
"47",13,"2020-04-07 16:21:55",95,"Livestock Crp",157,"Chieng luong commune",3,"East Asia and Pacific",234,"Viet Nam",245,2011,2,"male","2019-10-05 20:30:45.000000","Chieng Luong (Male 1) Lu, Keo Lom, Buon Khoang, Lung Sang",600,4,47,1,"Cash Crops",1,"Cropping",40
"48",13,"2020-04-07 16:21:55",95,"Livestock Crp",157,"Chieng luong commune",3,"East Asia and Pacific",234,"Viet Nam",245,2012,2,"male","2019-10-05 20:30:45.000000","Chieng Luong (Male 1) Lu, Keo Lom, Buon Khoang, Lung Sang",600,4,48,1,"Cash Crops",1,"Cropping",50
"49",13,"2020-04-07 16:21:55",95,"Livestock Crp",157,"Chieng luong commune",3,"East Asia and Pacific",234,"Viet Nam",245,2012,2,"male","2019-10-05 20:30:45.000000","Chieng Luong (Male 1) Lu, Keo Lom, Buon Khoang, Lung Sang",600,4,49,7,"Food Crops",1,"Cropping",45
"50",13,"2020-04-07 16:21:55",95,"Livestock Crp",157,"Chieng luong commune",3,"East Asia and Pacific",234,"Viet Nam",245,2013,2,"male","2019-10-05 20:30:45.000000","Chieng Luong (Male 1) Lu, Keo Lom, Buon Khoang, Lung Sang",600,4,50,1,"Cash Crops",1,"Cropping",50
"51",13,"2020-04-07 16:21:55",95,"Livestock Crp",157,"Chieng luong commune",3,"East Asia and Pacific",234,"Viet Nam",245,2013,2,"male","2019-10-05 20:30:45.000000","Chieng Luong (Male 1) Lu, Keo Lom, Buon Khoang, Lung Sang",600,4,51,87,"Fruit crops",1,"Cropping",50
"52",13,"2020-04-07 16:21:55",95,"Livestock Crp",157,"Chieng luong commune",3,"East Asia and Pacific",234,"Viet Nam",246,2014,2,"male","2019-10-05 20:30:22.000000","Chieng Luong (Male 2) Mon 1, Y Luong, ",535,5,52,7,"Food Crops",1,"Cropping",90
"53",13,"2020-04-07 16:21:55",95,"Livestock Crp",157,"Chieng luong commune",3,"East Asia and Pacific",234,"Viet Nam",246,2015,2,"male","2019-10-05 20:30:22.000000","Chieng Luong (Male 2) Mon 1, Y Luong, ",535,5,53,1,"Cash Crops",1,"Cropping",45
"54",13,"2020-04-07 16:21:55",95,"Livestock Crp",157,"Chieng luong commune",3,"East Asia and Pacific",234,"Viet Nam",246,2015,2,"male","2019-10-05 20:30:22.000000","Chieng Luong (Male 2) Mon 1, Y Luong, ",535,5,54,7,"Food Crops",1,"Cropping",40
"55",13,"2020-04-07 16:21:55",95,"Livestock Crp",157,"Chieng luong commune",3,"East Asia and Pacific",234,"Viet Nam",246,2016,2,"male","2019-10-05 20:30:22.000000","Chieng Luong (Male 2) Mon 1, Y Luong, ",535,5,55,1,"Cash Crops",1,"Cropping",40
"56",13,"2020-04-07 16:21:55",95,"Livestock Crp",157,"Chieng luong commune",3,"East Asia and Pacific",234,"Viet Nam",246,2016,2,"male","2019-10-05 20:30:22.000000","Chieng Luong (Male 2) Mon 1, Y Luong, ",535,5,56,7,"Food Crops",1,"Cropping",40
"57",13,"2020-04-07 16:21:55",95,"Livestock Crp",157,"Chieng luong commune",3,"East Asia and Pacific",234,"Viet Nam",246,2017,2,"male","2019-10-05 20:30:22.000000","Chieng Luong (Male 2) Mon 1, Y Luong, ",535,5,57,1,"Cash Crops",1,"Cropping",45
"58",13,"2020-04-07 16:21:55",95,"Livestock Crp",157,"Chieng luong commune",3,"East Asia and Pacific",234,"Viet Nam",246,2017,2,"male","2019-10-05 20:30:22.000000","Chieng Luong (Male 2) Mon 1, Y Luong, ",535,5,58,7,"Food Crops",1,"Cropping",45
"59",13,"2020-04-07 16:21:55",95,"Livestock Crp",157,"Chieng luong commune",3,"East Asia and Pacific",234,"Viet Nam",244,2018,2,"male","2019-10-05 08:30:59.000000","Chieng Luong (Female 2) Oi, Keo Lom, Lu",632,5,59,1,"Cash Crops",1,"Cropping",34
"60",13,"2020-04-07 16:21:55",95,"Livestock Crp",157,"Chieng luong commune",3,"East Asia and Pacific",234,"Viet Nam",244,2018,2,"male","2019-10-05 08:30:59.000000","Chieng Luong (Female 2) Oi, Keo Lom, Lu",632,5,60,5,"Fattening Animals - Cattle",2,"Livestock",36
"61",13,"2020-04-07 16:21:55",95,"Livestock Crp",157,"Chieng luong commune",3,"East Asia and Pacific",234,"Viet Nam",244,2018,2,"male","2019-10-05 08:30:59.000000","Chieng Luong (Female 2) Oi, Keo Lom, Lu",632,5,61,7,"Food Crops",1,"Cropping",21
"62",13,"2020-04-07 16:21:55",95,"Livestock Crp",157,"Chieng luong commune",3,"East Asia and Pacific",234,"Viet Nam",244,2018,2,"male","2019-10-05 08:30:59.000000","Chieng Luong (Female 2) Oi, Keo Lom, Lu",632,5,62,13,"Poultry - Meat",2,"Livestock",9
"63",13,"2020-04-07 16:21:55",95,"Livestock Crp",158,"Chieng chung commune",3,"East Asia and Pacific",234,"Viet Nam",248,2019,2,"male","2019-10-06 08:30:16.000000","Chieng Chung (Female 1 H&H) Nghiu, Ngoi, Nam",400,6,63,1,"Cash Crops",1,"Cropping",94
"64",13,"2020-04-07 16:21:55",95,"Livestock Crp",158,"Chieng chung commune",3,"East Asia and Pacific",234,"Viet Nam",248,2019,2,"male","2019-10-06 08:30:16.000000","Chieng Chung (Female 1 H&H) Nghiu, Ngoi, Nam",400,6,64,86,"Pig raising",2,"Livestock",6
"65",13,"2020-04-07 16:21:55",95,"Livestock Crp",158,"Chieng chung commune",3,"East Asia and Pacific",234,"Viet Nam",248,2020,2,"male","2019-10-06 08:30:16.000000","Chieng Chung (Female 1 H&H) Nghiu, Ngoi, Nam",400,6,65,1,"Cash Crops",1,"Cropping",28
"66",13,"2020-04-07 16:21:55",95,"Livestock Crp",158,"Chieng chung commune",3,"East Asia and Pacific",234,"Viet Nam",248,2020,2,"male","2019-10-06 08:30:16.000000","Chieng Chung (Female 1 H&H) Nghiu, Ngoi, Nam",400,6,66,5,"Fattening Animals - Cattle",2,"Livestock",28
"67",13,"2020-04-07 16:21:55",95,"Livestock Crp",158,"Chieng chung commune",3,"East Asia and Pacific",234,"Viet Nam",248,2020,2,"male","2019-10-06 08:30:16.000000","Chieng Chung (Female 1 H&H) Nghiu, Ngoi, Nam",400,6,67,7,"Food Crops",1,"Cropping",28
"68",13,"2020-04-07 16:21:55",95,"Livestock Crp",158,"Chieng chung commune",3,"East Asia and Pacific",234,"Viet Nam",248,2020,2,"male","2019-10-06 08:30:16.000000","Chieng Chung (Female 1 H&H) Nghiu, Ngoi, Nam",400,6,68,9,"Labouring / Service",3,"Labour",16
"69",13,"2020-04-07 16:21:55",95,"Livestock Crp",158,"Chieng chung commune",3,"East Asia and Pacific",234,"Viet Nam",248,2021,2,"male","2019-10-06 08:30:16.000000","Chieng Chung (Female 1 H&H) Nghiu, Ngoi, Nam",400,6,69,1,"Cash Crops",1,"Cropping",31
"70",13,"2020-04-07 16:21:55",95,"Livestock Crp",158,"Chieng chung commune",3,"East Asia and Pacific",234,"Viet Nam",248,2021,2,"male","2019-10-06 08:30:16.000000","Chieng Chung (Female 1 H&H) Nghiu, Ngoi, Nam",400,6,70,5,"Fattening Animals - Cattle",2,"Livestock",27
"71",13,"2020-04-07 16:21:55",95,"Livestock Crp",158,"Chieng chung commune",3,"East Asia and Pacific",234,"Viet Nam",248,2021,2,"male","2019-10-06 08:30:16.000000","Chieng Chung (Female 1 H&H) Nghiu, Ngoi, Nam",400,6,71,7,"Food Crops",1,"Cropping",32
"72",13,"2020-04-07 16:21:55",95,"Livestock Crp",158,"Chieng chung commune",3,"East Asia and Pacific",234,"Viet Nam",248,2021,2,"male","2019-10-06 08:30:16.000000","Chieng Chung (Female 1 H&H) Nghiu, Ngoi, Nam",400,6,72,86,"Pig raising",2,"Livestock",10
"73",13,"2020-04-07 16:21:55",95,"Livestock Crp",158,"Chieng chung commune",3,"East Asia and Pacific",234,"Viet Nam",248,2022,2,"male","2019-10-06 08:30:16.000000","Chieng Chung (Female 1 H&H) Nghiu, Ngoi, Nam",400,6,73,1,"Cash Crops",1,"Cropping",71
"74",13,"2020-04-07 16:21:55",95,"Livestock Crp",158,"Chieng chung commune",3,"East Asia and Pacific",234,"Viet Nam",248,2022,2,"male","2019-10-06 08:30:16.000000","Chieng Chung (Female 1 H&H) Nghiu, Ngoi, Nam",400,6,74,5,"Fattening Animals - Cattle",2,"Livestock",29
"75",13,"2020-04-07 16:21:55",95,"Livestock Crp",158,"Chieng chung commune",3,"East Asia and Pacific",234,"Viet Nam",248,2023,2,"male","2019-10-06 08:30:16.000000","Chieng Chung (Female 1 H&H) Nghiu, Ngoi, Nam",400,6,75,1,"Cash Crops",1,"Cropping",42
"76",13,"2020-04-07 16:21:55",95,"Livestock Crp",158,"Chieng chung commune",3,"East Asia and Pacific",234,"Viet Nam",248,2023,2,"male","2019-10-06 08:30:16.000000","Chieng Chung (Female 1 H&H) Nghiu, Ngoi, Nam",400,6,76,5,"Fattening Animals - Cattle",2,"Livestock",23
"77",13,"2020-04-07 16:21:55",95,"Livestock Crp",158,"Chieng chung commune",3,"East Asia and Pacific",234,"Viet Nam",248,2023,2,"male","2019-10-06 08:30:16.000000","Chieng Chung (Female 1 H&H) Nghiu, Ngoi, Nam",400,6,77,7,"Food Crops",1,"Cropping",27
"78",13,"2020-04-07 16:21:55",95,"Livestock Crp",158,"Chieng chung commune",3,"East Asia and Pacific",234,"Viet Nam",248,2023,2,"male","2019-10-06 08:30:16.000000","Chieng Chung (Female 1 H&H) Nghiu, Ngoi, Nam",400,6,78,10,"Off-Farm Business",4,"Business",8
"79",13,"2020-04-07 16:21:55",95,"Livestock Crp",157,"Chieng luong commune",3,"East Asia and Pacific",234,"Viet Nam",246,2024,2,"male","2019-10-05 20:30:22.000000","Chieng Luong (Male 2) Mon 1, Y Luong, ",535,5,79,1,"Cash Crops",1,"Cropping",90
"80",13,"2020-04-07 16:21:55",95,"Livestock Crp",157,"Chieng luong commune",3,"East Asia and Pacific",234,"Viet Nam",246,2024,2,"male","2019-10-05 20:30:22.000000","Chieng Luong (Male 2) Mon 1, Y Luong, ",535,5,80,86,"Pig raising",2,"Livestock",10
"81",13,"2020-04-07 16:21:55",95,"Livestock Crp",157,"Chieng luong commune",3,"East Asia and Pacific",234,"Viet Nam",246,2025,2,"male","2019-10-05 20:30:22.000000","Chieng Luong (Male 2) Mon 1, Y Luong, ",535,5,81,1,"Cash Crops",1,"Cropping",20
"82",13,"2020-04-07 16:21:55",95,"Livestock Crp",157,"Chieng luong commune",3,"East Asia and Pacific",234,"Viet Nam",246,2025,2,"male","2019-10-05 20:30:22.000000","Chieng Luong (Male 2) Mon 1, Y Luong, ",535,5,82,5,"Fattening Animals - Cattle",2,"Livestock",60
"83",13,"2020-04-07 16:21:55",95,"Livestock Crp",157,"Chieng luong commune",3,"East Asia and Pacific",234,"Viet Nam",246,2026,2,"male","2019-10-05 20:30:22.000000","Chieng Luong (Male 2) Mon 1, Y Luong, ",535,5,83,7,"Food Crops",1,"Cropping",100
"84",13,"2020-04-07 16:21:55",95,"Livestock Crp",158,"Chieng chung commune",3,"East Asia and Pacific",234,"Viet Nam",249,2027,2,"male","2019-10-06 09:00:49.000000","Chieng Chung (Female 2 N&P) Ten, Khoa, Ham",382,5,84,1,"Cash Crops",1,"Cropping",80
"85",13,"2020-04-07 16:21:55",95,"Livestock Crp",158,"Chieng chung commune",3,"East Asia and Pacific",234,"Viet Nam",249,2027,2,"male","2019-10-06 09:00:49.000000","Chieng Chung (Female 2 N&P) Ten, Khoa, Ham",382,5,85,5,"Fattening Animals - Cattle",2,"Livestock",20
"86",13,"2020-04-07 16:21:55",95,"Livestock Crp",158,"Chieng chung commune",3,"East Asia and Pacific",234,"Viet Nam",249,2028,2,"male","2019-10-06 09:00:49.000000","Chieng Chung (Female 2 N&P) Ten, Khoa, Ham",382,5,86,5,"Fattening Animals - Cattle",2,"Livestock",5
"87",13,"2020-04-07 16:21:55",95,"Livestock Crp",158,"Chieng chung commune",3,"East Asia and Pacific",234,"Viet Nam",249,2028,2,"male","2019-10-06 09:00:49.000000","Chieng Chung (Female 2 N&P) Ten, Khoa, Ham",382,5,87,7,"Food Crops",1,"Cropping",50
"88",13,"2020-04-07 16:21:55",95,"Livestock Crp",158,"Chieng chung commune",3,"East Asia and Pacific",234,"Viet Nam",249,2028,2,"male","2019-10-06 09:00:49.000000","Chieng Chung (Female 2 N&P) Ten, Khoa, Ham",382,5,88,85,"Fattening pigs",2,"Livestock",5
"89",13,"2020-04-07 16:21:55",95,"Livestock Crp",158,"Chieng chung commune",3,"East Asia and Pacific",234,"Viet Nam",249,2028,2,"male","2019-10-06 09:00:49.000000","Chieng Chung (Female 2 N&P) Ten, Khoa, Ham",382,5,89,1,"Cash Crops",1,"Cropping",40
"90",13,"2020-04-07 16:21:55",95,"Livestock Crp",158,"Chieng chung commune",3,"East Asia and Pacific",234,"Viet Nam",249,2029,2,"male","2019-10-06 09:00:49.000000","Chieng Chung (Female 2 N&P) Ten, Khoa, Ham",382,5,90,5,"Fattening Animals - Cattle",2,"Livestock",5
"91",13,"2020-04-07 16:21:55",95,"Livestock Crp",158,"Chieng chung commune",3,"East Asia and Pacific",234,"Viet Nam",249,2029,2,"male","2019-10-06 09:00:49.000000","Chieng Chung (Female 2 N&P) Ten, Khoa, Ham",382,5,91,7,"Food Crops",1,"Cropping",20
"92",13,"2020-04-07 16:21:55",95,"Livestock Crp",158,"Chieng chung commune",3,"East Asia and Pacific",234,"Viet Nam",249,2029,2,"male","2019-10-06 09:00:49.000000","Chieng Chung (Female 2 N&P) Ten, Khoa, Ham",382,5,92,86,"Pig raising",2,"Livestock",20
"93",13,"2020-04-07 16:21:55",95,"Livestock Crp",158,"Chieng chung commune",3,"East Asia and Pacific",234,"Viet Nam",249,2029,2,"male","2019-10-06 09:00:49.000000","Chieng Chung (Female 2 N&P) Ten, Khoa, Ham",382,5,93,1,"Cash Crops",1,"Cropping",55
"94",13,"2020-04-07 16:21:55",95,"Livestock Crp",158,"Chieng chung commune",3,"East Asia and Pacific",234,"Viet Nam",249,2030,2,"male","2019-10-06 09:00:49.000000","Chieng Chung (Female 2 N&P) Ten, Khoa, Ham",382,5,94,1,"Cash Crops",1,"Cropping",55
"95",13,"2020-04-07 16:21:55",95,"Livestock Crp",158,"Chieng chung commune",3,"East Asia and Pacific",234,"Viet Nam",249,2030,2,"male","2019-10-06 09:00:49.000000","Chieng Chung (Female 2 N&P) Ten, Khoa, Ham",382,5,95,7,"Food Crops",1,"Cropping",15
"96",13,"2020-04-07 16:21:55",95,"Livestock Crp",158,"Chieng chung commune",3,"East Asia and Pacific",234,"Viet Nam",249,2030,2,"male","2019-10-06 09:00:49.000000","Chieng Chung (Female 2 N&P) Ten, Khoa, Ham",382,5,96,5,"Fattening Animals - Cattle",2,"Livestock",30
"97",13,"2020-04-07 16:21:55",95,"Livestock Crp",158,"Chieng chung commune",3,"East Asia and Pacific",234,"Viet Nam",249,2031,2,"male","2019-10-06 09:00:49.000000","Chieng Chung (Female 2 N&P) Ten, Khoa, Ham",382,5,97,87,"Fruit crops",1,"Cropping",55
"98",13,"2020-04-07 16:21:55",95,"Livestock Crp",158,"Chieng chung commune",3,"East Asia and Pacific",234,"Viet Nam",249,2031,2,"male","2019-10-06 09:00:49.000000","Chieng Chung (Female 2 N&P) Ten, Khoa, Ham",382,5,98,1,"Cash Crops",1,"Cropping",20
"99",13,"2020-04-07 16:21:55",95,"Livestock Crp",158,"Chieng chung commune",3,"East Asia and Pacific",234,"Viet Nam",249,2031,2,"male","2019-10-06 09:00:49.000000","Chieng Chung (Female 2 N&P) Ten, Khoa, Ham",382,5,99,5,"Fattening Animals - Cattle",2,"Livestock",25
"100",13,"2020-04-07 16:21:55",95,"Livestock Crp",158,"Chieng chung commune",3,"East Asia and Pacific",234,"Viet Nam",249,2032,2,"male","2019-10-06 09:00:49.000000","Chieng Chung (Female 2 N&P) Ten, Khoa, Ham",382,5,100,1,"Cash Crops",1,"Cropping",50
"101",13,"2020-04-07 16:21:55",95,"Livestock Crp",158,"Chieng chung commune",3,"East Asia and Pacific",234,"Viet Nam",249,2032,2,"male","2019-10-06 09:00:49.000000","Chieng Chung (Female 2 N&P) Ten, Khoa, Ham",382,5,101,5,"Fattening Animals - Cattle",2,"Livestock",25
"102",13,"2020-04-07 16:21:55",95,"Livestock Crp",158,"Chieng chung commune",3,"East Asia and Pacific",234,"Viet Nam",249,2032,2,"male","2019-10-06 09:00:49.000000","Chieng Chung (Female 2 N&P) Ten, Khoa, Ham",382,5,102,7,"Food Crops",1,"Cropping",25
"103",13,"2020-04-07 16:21:55",95,"Livestock Crp",158,"Chieng chung commune",3,"East Asia and Pacific",234,"Viet Nam",250,2033,2,"male","2019-10-06 08:30:32.000000","Chieng Chung (Male 2 D&H)Tam Xa, Nam, Ngoi",99,6,103,1,"Cash Crops",1,"Cropping",70
"104",13,"2020-04-07 16:21:55",95,"Livestock Crp",158,"Chieng chung commune",3,"East Asia and Pacific",234,"Viet Nam",250,2033,2,"male","2019-10-06 08:30:32.000000","Chieng Chung (Male 2 D&H)Tam Xa, Nam, Ngoi",99,6,104,7,"Food Crops",1,"Cropping",15
"105",13,"2020-04-07 16:21:55",95,"Livestock Crp",158,"Chieng chung commune",3,"East Asia and Pacific",234,"Viet Nam",250,2033,2,"male","2019-10-06 08:30:32.000000","Chieng Chung (Male 2 D&H)Tam Xa, Nam, Ngoi",99,6,105,85,"Fattening pigs",2,"Livestock",15
"106",13,"2020-04-07 16:21:55",95,"Livestock Crp",158,"Chieng chung commune",3,"East Asia and Pacific",234,"Viet Nam",250,2034,2,"male","2019-10-06 08:30:32.000000","Chieng Chung (Male 2 D&H)Tam Xa, Nam, Ngoi",99,6,106,1,"Cash Crops",1,"Cropping",90
"107",13,"2020-04-07 16:21:55",95,"Livestock Crp",158,"Chieng chung commune",3,"East Asia and Pacific",234,"Viet Nam",250,2034,2,"male","2019-10-06 08:30:32.000000","Chieng Chung (Male 2 D&H)Tam Xa, Nam, Ngoi",99,6,107,7,"Food Crops",1,"Cropping",10
"108",13,"2020-04-07 16:21:55",95,"Livestock Crp",158,"Chieng chung commune",3,"East Asia and Pacific",234,"Viet Nam",250,2035,2,"male","2019-10-06 08:30:32.000000","Chieng Chung (Male 2 D&H)Tam Xa, Nam, Ngoi",99,6,108,1,"Cash Crops",1,"Cropping",70
"109",13,"2020-04-07 16:21:55",95,"Livestock Crp",158,"Chieng chung commune",3,"East Asia and Pacific",234,"Viet Nam",250,2035,2,"male","2019-10-06 08:30:32.000000","Chieng Chung (Male 2 D&H)Tam Xa, Nam, Ngoi",99,6,109,5,"Fattening Animals - Cattle",2,"Livestock",30
"110",13,"2020-04-07 16:21:55",95,"Livestock Crp",158,"Chieng chung commune",3,"East Asia and Pacific",234,"Viet Nam",250,2036,2,"male","2019-10-06 08:30:32.000000","Chieng Chung (Male 2 D&H)Tam Xa, Nam, Ngoi",99,6,110,7,"Food Crops",1,"Cropping",50
"111",13,"2020-04-07 16:21:55",95,"Livestock Crp",158,"Chieng chung commune",3,"East Asia and Pacific",234,"Viet Nam",250,2036,2,"male","2019-10-06 08:30:32.000000","Chieng Chung (Male 2 D&H)Tam Xa, Nam, Ngoi",99,6,111,1,"Cash Crops",1,"Cropping",20
"112",13,"2020-04-07 16:21:55",95,"Livestock Crp",158,"Chieng chung commune",3,"East Asia and Pacific",234,"Viet Nam",250,2036,2,"male","2019-10-06 08:30:32.000000","Chieng Chung (Male 2 D&H)Tam Xa, Nam, Ngoi",99,6,112,87,"Fruit crops",1,"Cropping",20
"113",13,"2020-04-07 16:21:55",95,"Livestock Crp",158,"Chieng chung commune",3,"East Asia and Pacific",234,"Viet Nam",250,2036,2,"male","2019-10-06 08:30:32.000000","Chieng Chung (Male 2 D&H)Tam Xa, Nam, Ngoi",99,6,113,5,"Fattening Animals - Cattle",2,"Livestock",10
"114",13,"2020-04-07 16:21:55",95,"Livestock Crp",158,"Chieng chung commune",3,"East Asia and Pacific",234,"Viet Nam",250,2037,2,"male","2019-10-06 08:30:32.000000","Chieng Chung (Male 2 D&H)Tam Xa, Nam, Ngoi",99,6,114,1,"Cash Crops",1,"Cropping",70
"115",13,"2020-04-07 16:21:55",95,"Livestock Crp",158,"Chieng chung commune",3,"East Asia and Pacific",234,"Viet Nam",250,2037,2,"male","2019-10-06 08:30:32.000000","Chieng Chung (Male 2 D&H)Tam Xa, Nam, Ngoi",99,6,115,7,"Food Crops",1,"Cropping",30
"116",13,"2020-04-07 16:21:55",95,"Livestock Crp",158,"Chieng chung commune",3,"East Asia and Pacific",234,"Viet Nam",250,2038,2,"male","2019-10-06 08:30:32.000000","Chieng Chung (Male 2 D&H)Tam Xa, Nam, Ngoi",99,6,116,1,"Cash Crops",1,"Cropping",65
"117",13,"2020-04-07 16:21:55",95,"Livestock Crp",158,"Chieng chung commune",3,"East Asia and Pacific",234,"Viet Nam",250,2038,2,"male","2019-10-06 08:30:32.000000","Chieng Chung (Male 2 D&H)Tam Xa, Nam, Ngoi",99,6,117,7,"Food Crops",1,"Cropping",15
"118",13,"2020-04-07 16:21:55",95,"Livestock Crp",158,"Chieng chung commune",3,"East Asia and Pacific",234,"Viet Nam",250,2038,2,"male","2019-10-06 08:30:32.000000","Chieng Chung (Male 2 D&H)Tam Xa, Nam, Ngoi",99,6,118,5,"Fattening Animals - Cattle",2,"Livestock",20
"119",13,"2020-04-07 16:21:55",95,"Livestock Crp",157,"Chieng luong commune",3,"East Asia and Pacific",234,"Viet Nam",245,2008,2,"male","2019-10-05 20:30:45.000000","Chieng Luong (Male 1) Lu, Keo Lom, Buon Khoang, Lung Sang",600,4,119,86,"Pig raising",2,"Livestock",20
"120",13,"2020-04-07 16:21:55",95,"Livestock Crp",157,"Chieng luong commune",3,"East Asia and Pacific",234,"Viet Nam",245,2012,2,"male","2019-10-05 20:30:45.000000","Chieng Luong (Male 1) Lu, Keo Lom, Buon Khoang, Lung Sang",600,4,120,5,"Fattening Animals - Cattle",2,"Livestock",5
"121",13,"2020-04-07 16:21:55",95,"Livestock Crp",157,"Chieng luong commune",3,"East Asia and Pacific",234,"Viet Nam",245,2011,2,"male","2019-10-05 20:30:45.000000","Chieng Luong (Male 1) Lu, Keo Lom, Buon Khoang, Lung Sang",600,4,121,5,"Fattening Animals - Cattle",2,"Livestock",20
"122",13,"2020-04-07 16:21:55",95,"Livestock Crp",157,"Chieng luong commune",3,"East Asia and Pacific",234,"Viet Nam",246,2015,2,"male","2019-10-05 20:30:22.000000","Chieng Luong (Male 2) Mon 1, Y Luong, ",535,5,122,5,"Fattening Animals - Cattle",2,"Livestock",15
"123",13,"2020-04-07 16:21:55",95,"Livestock Crp",157,"Chieng luong commune",3,"East Asia and Pacific",234,"Viet Nam",246,2017,2,"male","2019-10-05 20:30:22.000000","Chieng Luong (Male 2) Mon 1, Y Luong, ",535,5,123,5,"Fattening Animals - Cattle",2,"Livestock",10
"124",13,"2020-04-07 16:21:55",95,"Livestock Crp",157,"Chieng luong commune",3,"East Asia and Pacific",234,"Viet Nam",246,2016,2,"male","2019-10-05 20:30:22.000000","Chieng Luong (Male 2) Mon 1, Y Luong, ",535,5,124,5,"Fattening Animals - Cattle",2,"Livestock",20
"125",13,"2020-04-07 16:21:55",95,"Livestock Crp",157,"Chieng luong commune",3,"East Asia and Pacific",234,"Viet Nam",246,2025,2,"male","2019-10-05 20:30:22.000000","Chieng Luong (Male 2) Mon 1, Y Luong, ",535,5,125,7,"Food Crops",1,"Cropping",20
"126",13,"2020-04-07 16:21:55",95,"Livestock Crp",157,"Chieng luong commune",3,"East Asia and Pacific",234,"Viet Nam",246,2014,2,"male","2019-10-05 20:30:22.000000","Chieng Luong (Male 2) Mon 1, Y Luong, ",535,5,126,5,"Fattening Animals - Cattle",2,"Livestock",10
"127",13,"2020-04-07 16:21:55",95,"Livestock Crp",157,"Chieng luong commune",3,"East Asia and Pacific",234,"Viet Nam",245,2008,2,"male","2019-10-05 20:30:45.000000","Chieng Luong (Male 1) Lu, Keo Lom, Buon Khoang, Lung Sang",600,4,127,7,"Food Crops",1,"Cropping",80
"128",13,"2020-04-07 16:21:55",95,"Livestock Crp",158,"Chieng chung commune",3,"East Asia and Pacific",234,"Viet Nam",251,2039,2,"male","2019-10-06 08:30:08.000000","Khoa, Ham villages (Low altitude)",100,6,128,87,"Fruit crops",1,"Cropping",95
"129",13,"2020-04-07 16:21:55",95,"Livestock Crp",158,"Chieng chung commune",3,"East Asia and Pacific",234,"Viet Nam",251,2040,2,"male","2019-10-06 08:30:08.000000","Khoa, Ham villages (Low altitude)",100,6,129,1,"Cash Crops",1,"Cropping",70
"130",13,"2020-04-07 16:21:55",95,"Livestock Crp",158,"Chieng chung commune",3,"East Asia and Pacific",234,"Viet Nam",251,2040,2,"male","2019-10-06 08:30:08.000000","Khoa, Ham villages (Low altitude)",100,6,130,85,"Fattening pigs",2,"Livestock",30
"131",13,"2020-04-07 16:21:55",95,"Livestock Crp",158,"Chieng chung commune",3,"East Asia and Pacific",234,"Viet Nam",251,2041,2,"male","2019-10-06 08:30:08.000000","Khoa, Ham villages (Low altitude)",100,6,131,7,"Food Crops",1,"Cropping",95
"132",13,"2020-04-07 16:21:55",95,"Livestock Crp",158,"Chieng chung commune",3,"East Asia and Pacific",234,"Viet Nam",251,2041,2,"male","2019-10-06 08:30:08.000000","Khoa, Ham villages (Low altitude)",100,6,132,5,"Fattening Animals - Cattle",2,"Livestock",5
"133",13,"2020-04-07 16:21:55",95,"Livestock Crp",158,"Chieng chung commune",3,"East Asia and Pacific",234,"Viet Nam",251,2042,2,"male","2019-10-06 08:30:08.000000","Khoa, Ham villages (Low altitude)",100,6,133,1,"Cash Crops",1,"Cropping",90
"134",13,"2020-04-07 16:21:55",95,"Livestock Crp",158,"Chieng chung commune",3,"East Asia and Pacific",234,"Viet Nam",251,2043,2,"male","2019-10-06 08:30:08.000000","Khoa, Ham villages (Low altitude)",100,6,134,1,"Cash Crops",1,"Cropping",90
"135",13,"2020-04-07 16:21:55",95,"Livestock Crp",158,"Chieng chung commune",3,"East Asia and Pacific",234,"Viet Nam",251,2043,2,"male","2019-10-06 08:30:08.000000","Khoa, Ham villages (Low altitude)",100,6,135,7,"Food Crops",1,"Cropping",10
"136",13,"2020-04-07 16:21:55",95,"Livestock Crp",158,"Chieng chung commune",3,"East Asia and Pacific",234,"Viet Nam",251,2044,2,"male","2019-10-06 08:30:08.000000","Khoa, Ham villages (Low altitude)",100,6,136,1,"Cash Crops",1,"Cropping",60
"137",13,"2020-04-07 16:21:55",95,"Livestock Crp",158,"Chieng chung commune",3,"East Asia and Pacific",234,"Viet Nam",251,2044,2,"male","2019-10-06 08:30:08.000000","Khoa, Ham villages (Low altitude)",100,6,137,7,"Food Crops",1,"Cropping",20
"138",13,"2020-04-07 16:21:55",95,"Livestock Crp",158,"Chieng chung commune",3,"East Asia and Pacific",234,"Viet Nam",251,2044,2,"male","2019-10-06 08:30:08.000000","Khoa, Ham villages (Low altitude)",100,6,138,5,"Fattening Animals - Cattle",2,"Livestock",20
"139",13,"2020-04-07 16:21:55",95,"Livestock Crp",158,"Chieng chung commune",3,"East Asia and Pacific",234,"Viet Nam",251,2042,2,"male","2019-10-06 08:30:08.000000","Khoa, Ham villages (Low altitude)",100,6,139,7,"Food Crops",1,"Cropping",10
"140",13,"2020-04-07 16:21:55",95,"Livestock Crp",158,"Chieng chung commune",3,"East Asia and Pacific",234,"Viet Nam",251,2039,2,"male","2019-10-06 08:30:08.000000","Khoa, Ham villages (Low altitude)",100,6,140,5,"Fattening Animals - Cattle",2,"Livestock",5
